"Symbol: AMC",,,,,
"Date Time","Open","High","Low","Close","Change"
2021-11-19 11:00:00,40.3,41.2,40,40.59,0
2021-11-19 12:00:00,40.5907,40.79,40.4,40.68,0.0899999999999963
2021-11-19 13:00:00,40.69,41.19,40.5015,41.135,0.4549999999999983
2021-11-19 14:00:00,41.1389,41.3799,40.85,40.9674,-0.1676000000000002
2021-11-19 15:00:00,40.965,41.12,40.5,40.89,-0.07739999999999725
2021-11-22 09:00:00,41.51,42.99,41.4511,42.0638,1.1738
2021-11-22 10:00:00,42.0899,42.83,41.9,42.05,-0.013800000000003365
2021-11-22 11:00:00,42.06,42.08,40.29,40.74,-1.3099999999999952
2021-11-22 12:00:00,40.7434,41.36,40.3,41.3,0.5599999999999952
2021-11-22 13:00:00,41.2926,41.819,41.16,41.5706,0.27060000000000173
2021-11-22 14:00:00,41.57,42.16,41.52,42.0886,0.5180000000000007
2021-11-22 15:00:00,42.09,42.48,41.21,41.27,-0.8185999999999964
2021-11-23 09:00:00,41.25,42.03,40.84,41.891,0.6209999999999951
2021-11-23 10:00:00,41.891,41.93,40.34,40.36,-1.5309999999999988
2021-11-23 11:00:00,40.37,40.79,39.74,39.75,-0.6099999999999994
2021-11-23 12:00:00,39.75,39.99,39.4201,39.4601,-0.28990000000000293
2021-11-23 13:00:00,39.47,39.51,38.07,38.45,-1.0100999999999942
2021-11-23 14:00:00,38.45,38.999,38.25,38.91,0.45999999999999375
2021-11-23 15:00:00,38.9,39.45,38.84,39.15,0.240000000000002
2021-11-24 09:00:00,39.14,39.22,37.55,38.0399,-1.1100999999999956
2021-11-24 10:00:00,38.02,39.33,37.96,38.93,0.8900999999999968
2021-11-24 11:00:00,38.9208,39.19,38.65,38.93,0
2021-11-24 12:00:00,38.9274,39.1,38.45,38.69,-0.240000000000002
2021-11-24 13:00:00,38.69,39.09,38.6897,38.81,0.12000000000000455
2021-11-24 14:00:00,38.81,38.8399,38.37,38.73,-0.0800000000000054
2021-11-24 15:00:00,38.73,39.06,38.6768,38.89,0.1600000000000037
2021-11-26 09:00:00,36.29,38.16,36.13,37.89,-1
2021-11-26 10:00:00,37.87,37.87,36.81,37.02,-0.8699999999999974
2021-11-26 11:00:00,37.02,37.24,36.55,37.175,0.15499999999999403
2021-11-26 12:00:00,37.1788,37.71,37.06,37.57,0.3950000000000031
2021-11-26 13:00:00,37.61,37.63,37.61,37.63,0.060000000000002274
2021-11-29 09:00:00,38.26,38.43,37.1,37.4998,-0.1302000000000021
2021-11-29 10:00:00,37.4901,37.603,36.65,36.92,-0.5797999999999988
2021-11-29 11:00:00,36.91,36.975,35.92,36.51,-0.4100000000000037
2021-11-29 12:00:00,36.5192,36.99,36.38,36.77,0.2600000000000051
2021-11-29 13:00:00,36.7699,37.25,36.58,36.855,0.08499999999999375
2021-11-29 14:00:00,36.86,36.9,36.3,36.58,-0.2749999999999986
2021-11-29 15:00:00,36.575,36.89,36.44,36.83,0.25
2021-11-30 09:00:00,36.77,37.05,35.571,35.65,-1.1799999999999997
2021-11-30 10:00:00,35.65,35.9295,34.5,34.511,-1.1389999999999958
2021-11-30 11:00:00,34.52,34.82,33.7,33.83,-0.6810000000000045
2021-11-30 12:00:00,33.8201,34.45,32.75,33.835,0.005000000000002558
2021-11-30 13:00:00,33.8488,34.1384,33.64,34.125,0.28999999999999915
2021-11-30 14:00:00,34.125,34.4899,33.42,33.7097,-0.415300000000002
2021-11-30 15:00:00,33.7001,34.33,33.68,33.9301,0.22040000000000504
2021-12-01 09:00:00,34.71,34.9362,33.95,34.25,0.31989999999999696
2021-12-01 10:00:00,34.25,34.74,33.69,34.1,-0.14999999999999858
2021-12-01 11:00:00,34.11,34.47,33.5,33.5999,-0.5001000000000033
2021-12-01 12:00:00,33.5801,33.865,32.561,32.57,-1.0298999999999978
2021-12-01 13:00:00,32.5601,32.8299,30.7,31.312,-1.2579999999999991
2021-12-01 14:00:00,31.31,31.34,29.83,30.39,-0.9220000000000006
2021-12-01 15:00:00,30.39,30.44,26.85,28.565,-1.8249999999999993
2021-12-02 09:00:00,29.27,31.219,28.91,30.795,2.2300000000000004
2021-12-02 10:00:00,30.8,31.03,27.01,29.2777,-1.5173000000000023
2021-12-02 11:00:00,29.26,30.08,28.71,29.6299,0.35219999999999985
2021-12-02 12:00:00,29.6299,30.7,29.52,30.15,0.5200999999999993
2021-12-02 13:00:00,30.14,30.14,29.25,29.91,-0.23999999999999844
2021-12-02 14:00:00,29.9,30.3,29.601,29.93,0.019999999999999574
2021-12-02 15:00:00,29.93,30.6,29.75,30.2735,0.3434999999999988
2021-12-03 09:00:00,30.83,31.0645,28.77,29.14,-1.133499999999998
2021-12-03 10:00:00,29.135,29.5,27.16,27.8093,-1.3307000000000002
2021-12-03 11:00:00,27.82,28.6501,27.41,27.54,-0.2693000000000012
2021-12-03 12:00:00,27.55,28.27,27.2,27.7199,0.17989999999999995
2021-12-03 13:00:00,27.7,28.025,27.22,27.2401,-0.47979999999999734
2021-12-03 14:00:00,27.249,27.3699,25.3101,25.6793,-1.5608000000000004
2021-12-03 15:00:00,25.675,29.01,25.47,29.005,3.3256999999999977
2021-12-06 09:00:00,28.1,28.56,27.15,27.9999,-1.0050999999999988
2021-12-06 10:00:00,27.9743,30.47,27.7001,29.6391,1.6391999999999989
2021-12-06 11:00:00,29.6301,29.65,28.33,28.6188,-1.0202999999999989
2021-12-06 12:00:00,28.61,29.02,28.26,28.9601,0.3413000000000004
2021-12-06 13:00:00,28.97,29.83,28.94,29.4944,0.5342999999999982
2021-12-06 14:00:00,29.48,30.11,29.18,29.41,-0.0843999999999987
2021-12-06 15:00:00,29.4099,29.57,28.48,28.79,-0.620000000000001
2021-12-07 09:00:00,30.03,30.55,29.5,30.3768,1.5868000000000002
2021-12-07 10:00:00,30.38,31.54,30.21,30.69,0.3132000000000019
2021-12-07 11:00:00,30.7,31.3,30.36,30.9,0.2099999999999973
2021-12-07 12:00:00,30.89,31.68,30.85,31.2,0.3000000000000007
2021-12-07 13:00:00,31.195,31.56,30.74,31.4276,0.22760000000000247
2021-12-07 14:00:00,31.42,31.65,31.111,31.43,0.0023999999999979593
2021-12-07 15:00:00,31.44,31.54,30.51,31.04,-0.39000000000000057
2021-12-08 09:00:00,30.78,31.22,29.77,30.5202,-0.5198
2021-12-08 10:00:00,30.51,32.25,30.49,32.0699,1.5496999999999979
2021-12-08 11:00:00,32.06,33.92,31.851,33.55,1.4801000000000002
2021-12-08 12:00:00,33.54,33.69,32.705,33.3,-0.25
2021-12-08 13:00:00,33.2827,33.32,32.7612,33.019,-0.2809999999999988
2021-12-08 14:00:00,32.9901,33.23,32.4201,32.5998,-0.41919999999999646
2021-12-08 15:00:00,32.5977,32.72,32.07,32.35,-0.24980000000000047
2021-12-09 09:00:00,31.75,32.56,31.36,32.01,-0.3400000000000034
2021-12-09 10:00:00,31.97,32.95,31.42,31.85,-0.1599999999999966
2021-12-09 11:00:00,31.8578,31.8769,31.22,31.5299,-0.32010000000000005
2021-12-09 12:00:00,31.5126,32.01,31.09,31.75,0.22009999999999863
2021-12-09 13:00:00,31.75,31.75,30.15,30.4889,-1.261099999999999
2021-12-09 14:00:00,30.4732,30.75,29.68,29.898,-0.5909000000000013
2021-12-09 15:00:00,29.89,30.27,29.31,29.4603,-0.43769999999999953
2021-12-10 09:00:00,29.35,29.93,26.83,27.9287,-1.531600000000001
2021-12-10 10:00:00,27.9,28.69,26.62,27.21,-0.7186999999999983
2021-12-10 11:00:00,27.2,27.2498,26,26.565,-0.6449999999999996
2021-12-10 12:00:00,26.58,27.4,26.44,26.7399,0.1748999999999974
2021-12-10 13:00:00,26.73,27.11,26.35,26.4,-0.3399000000000001
2021-12-10 14:00:00,26.3988,26.81,26.13,26.2873,-0.11270000000000024
2021-12-10 15:00:00,26.28,27.65,26.28,27.41,1.1227000000000018
2021-12-13 09:00:00,27.49,27.63,24.38,24.6653,-2.7447000000000017
2021-12-13 10:00:00,24.6601,25.38,23.37,23.775,-0.8902999999999999
2021-12-13 11:00:00,23.76,24.04,22.525,22.91,-0.8649999999999984
2021-12-13 12:00:00,22.9,24.01,22.46,23.09,0.17999999999999972
2021-12-13 13:00:00,23.09,23.65,22.87,23.5301,0.44010000000000105
2021-12-13 14:00:00,23.53,23.75,22.88,23.0199,-0.5102000000000011
2021-12-13 15:00:00,23.02,23.74,22.9367,23.24,0.22009999999999863
2021-12-14 09:00:00,20.91,24.2,20.8,24.14,0.9000000000000021
2021-12-14 10:00:00,24.1289,24.59,22.75,22.8799,-1.2601000000000013
2021-12-14 11:00:00,22.86,24.21,22.7,23.6741,0.7942
2021-12-14 12:00:00,23.6791,24.25,23.37,24.0241,0.3500000000000014
2021-12-14 13:00:00,24.02,24.98,23.67,23.9279,-0.09619999999999962
2021-12-14 14:00:00,23.9241,24.828,23.86,24.18,0.25209999999999866
2021-12-14 15:00:00,24.1601,25.12,24.14,24.5,0.3200000000000003
2021-12-15 09:00:00,24.6,24.79,23.45,24.0898,-0.4101999999999997
2021-12-15 10:00:00,24.085,24.17,22.85,23.3,-0.7897999999999996
2021-12-15 11:00:00,23.3,23.34,22.53,23.0899,-0.21010000000000062
2021-12-15 12:00:00,23.08,23.82,23.035,23.695,0.6051000000000002
2021-12-15 13:00:00,23.6901,24,23.24,23.9058,0.210799999999999
2021-12-15 14:00:00,23.9,24.44,23.53,23.67,-0.23579999999999757
2021-12-15 15:00:00,23.675,25.28,23.66,24.65,0.9799999999999969
2021-12-16 09:00:00,25.35,25.87,24.77,24.81,0.16000000000000014
2021-12-16 10:00:00,24.8293,25.5,24.61,25.061,0.2510000000000012
2021-12-16 11:00:00,25.06,25.13,24.22,24.2999,-0.761099999999999
2021-12-16 12:00:00,24.29,24.59,24.0788,24.17,-0.12989999999999924
2021-12-16 13:00:00,24.18,25.3278,24.17,24.9699,0.7998999999999974
2021-12-16 14:00:00,24.95,25.06,24.31,24.54,-0.42989999999999995
2021-12-16 15:00:00,24.54,24.94,24.33,24.45,-0.08999999999999986
2021-12-17 09:00:00,24.39,25.11,23.65,24.91,0.46000000000000085
2021-12-17 10:00:00,24.93,28.77,24.82,27.86,2.9499999999999993
2021-12-17 11:00:00,27.88,29.78,27.78,28.9809,1.120899999999999
2021-12-17 12:00:00,28.985,30.469,28.29,30.355,1.374100000000002
2021-12-17 13:00:00,30.3373,30.71,29.43,29.9639,-0.39110000000000156
2021-12-17 14:00:00,29.94,30.25,29.31,29.91,-0.05389999999999873
2021-12-17 15:00:00,29.921,30.2,28.72,29,-0.9100000000000001
2021-12-20 09:00:00,28.96,30.7,28.4,29.34,0.33999999999999986
2021-12-20 10:00:00,29.32,29.9,28.6,28.94,-0.3999999999999986
2021-12-20 11:00:00,28.93,29.07,28.11,28.8,-0.14000000000000057
2021-12-20 12:00:00,28.8099,28.865,28.32,28.38,-0.4200000000000017
2021-12-20 13:00:00,28.375,29.49,28.25,29.23,0.8500000000000014
2021-12-20 14:00:00,29.24,29.875,29.08,29.6512,0.4211999999999989
2021-12-20 15:00:00,29.66,30.18,29.65,29.67,0.01880000000000237
2021-12-21 09:00:00,29.4,31.49,29.05,30.4995,0.8294999999999995
2021-12-21 10:00:00,30.485,32.23,30.47,31.37,0.8704999999999998
2021-12-21 11:00:00,31.3693,31.54,30.71,31.17,-0.1999999999999993
2021-12-21 12:00:00,31.18,31.3,30.54,30.89,-0.28000000000000114
2021-12-21 13:00:00,30.8701,30.88,30.05,30.1888,-0.7012
2021-12-21 14:00:00,30.2,30.66,30.01,30.5444,0.35559999999999903
2021-12-21 15:00:00,30.5473,30.59,30.04,30.29,-0.2544000000000004
2021-12-22 09:00:00,29.94,30.48,29.37,29.446,-0.8439999999999976
2021-12-22 10:00:00,29.44,29.8189,28.74,29.64,0.19399999999999906
2021-12-22 11:00:00,29.64,29.64,29.02,29.4,-0.240000000000002
2021-12-22 12:00:00,29.41,29.49,28.26,28.38,-1.0199999999999996
2021-12-22 13:00:00,28.37,28.56,28.06,28.36,-0.019999999999999574
2021-12-22 14:00:00,28.369,28.67,28.04,28.59,0.23000000000000043
2021-12-22 15:00:00,28.6,28.98,28.55,28.7,0.10999999999999943
2021-12-23 09:00:00,28.86,28.98,26.82,27.0847,-1.6152999999999977
2021-12-23 10:00:00,27.09,28.58,26.8318,28.525,1.440299999999997
2021-12-23 11:00:00,28.529,29.43,28.13,28.89,0.365000000000002
2021-12-23 12:00:00,28.8899,29.09,28.63,28.805,-0.08500000000000085
2021-12-23 13:00:00,28.79,29.15,28.77,28.89,0.08500000000000085
2021-12-23 14:00:00,28.89,28.91,28.52,28.7699,-0.12010000000000076
2021-12-23 15:00:00,28.77,28.82,28.41,28.53,-0.23989999999999867
2021-12-27 09:00:00,28.35,28.8399,27.01,27.42,-1.1099999999999994
2021-12-27 10:00:00,27.425,28.57,27.33,28.41,0.9899999999999984
2021-12-27 11:00:00,28.41,29.39,28.3626,29.0313,0.6213000000000015
2021-12-27 12:00:00,29.03,29.138,28.7701,28.96,-0.07130000000000081
2021-12-27 13:00:00,28.95,29.22,28.75,28.81,-0.15000000000000213
2021-12-27 14:00:00,28.81,29.02,28.58,28.95,0.14000000000000057
2021-12-27 15:00:00,28.9437,28.96,28.42,28.69,-0.259999999999998
2021-12-28 09:00:00,28.18,29.62,28.01,29.2844,0.5944000000000003
2021-12-28 10:00:00,29.2821,29.74,28.31,28.365,-0.9194000000000031
2021-12-28 11:00:00,28.3638,28.46,28,28.18,-0.18499999999999872
2021-12-28 12:00:00,28.1888,28.3811,27.59,28.055,-0.125
2021-12-28 13:00:00,28.0599,28.52,27.93,27.9874,-0.06759999999999877
2021-12-28 14:00:00,27.98,28.16,27.8106,27.96,-0.02740000000000009
2021-12-28 15:00:00,27.9699,28.23,27.69,27.72,-0.240000000000002
2021-12-29 09:00:00,27.745,28.35,27.05,27.3,-0.41999999999999815
2021-12-29 10:00:00,27.33,27.5,26.62,27.3107,0.010699999999999932
2021-12-29 11:00:00,27.3,27.63,27.2719,27.585,0.2743000000000002
2021-12-29 12:00:00,27.59,27.59,27.105,27.2109,-0.3741000000000021
2021-12-29 13:00:00,27.21,27.4,27.02,27.12,-0.09089999999999776
2021-12-29 14:00:00,27.1201,28.21,27.085,28.1201,1.0000999999999998
2021-12-29 15:00:00,28.12,28.15,27.64,27.92,-0.20009999999999906
2021-12-30 09:00:00,27.91,28.6895,27.6835,28.53,0.6099999999999994
2021-12-30 10:00:00,28.5483,28.88,28.36,28.4512,-0.07880000000000109
2021-12-30 11:00:00,28.45,29.32,28.36,29.135,0.6838000000000015
2021-12-30 12:00:00,29.1393,29.68,29.1393,29.59,0.4549999999999983
2021-12-30 13:00:00,29.59,30.19,29.53,29.7989,0.20889999999999986
2021-12-30 14:00:00,29.795,30.04,29.565,29.772,-0.026900000000001256
2021-12-30 15:00:00,29.77,29.7717,28.78,28.9,-0.8719999999999999
2021-12-31 09:00:00,28.76,29.4,28.42,28.97,0.07000000000000028
2021-12-31 10:00:00,28.9846,29.18,28.37,28.4491,-0.5208999999999975
2021-12-31 11:00:00,28.4499,28.62,28.19,28.4399,-0.009199999999999875
2021-12-31 12:00:00,28.44,28.565,28.21,28.375,-0.06490000000000151
2021-12-31 13:00:00,28.3701,28.43,27.86,27.995,-0.379999999999999
2021-12-31 14:00:00,27.995,28.05,27.46,27.59,-0.40500000000000114
2021-12-31 15:00:00,27.5892,27.77,27.11,27.21,-0.379999999999999
2022-01-03 09:00:00,27.415,27.74,26.77,27.31,0.09999999999999787
2022-01-03 10:00:00,27.33,28.098,27.2901,27.79,0.4800000000000004
2022-01-03 11:00:00,27.79,28.13,27.36,27.42,-0.36999999999999744
2022-01-03 12:00:00,27.41,27.49,26.95,27.1726,-0.2474000000000025
2022-01-03 13:00:00,27.175,27.18,26.62,26.79,-0.38260000000000005
2022-01-03 14:00:00,26.78,26.97,26.68,26.9352,0.1451999999999991
2022-01-03 15:00:00,26.935,26.96,26.42,26.52,-0.4151999999999987
2022-01-04 09:00:00,26.67,26.67,25.82,25.9,-0.620000000000001
2022-01-04 10:00:00,25.9018,25.98,25.05,25.07,-0.8299999999999983
2022-01-04 11:00:00,25.07,25.21,24.8,24.9011,-0.16890000000000072
2022-01-04 12:00:00,24.905,25.13,24.64,25.1,0.19890000000000185
2022-01-04 13:00:00,25.11,25.33,24.95,24.9897,-0.11030000000000229
2022-01-04 14:00:00,24.985,25.32,24.95,25.3101,0.32039999999999935
2022-01-04 15:00:00,25.3148,25.59,25.3,25.49,0.17989999999999995
2022-01-05 09:00:00,25.17,25.3,24.35,24.95,-0.5399999999999991
2022-01-05 10:00:00,24.94,25.0184,24.06,24.215,-0.7349999999999994
2022-01-05 11:00:00,24.22,24.32,23.64,23.8101,-0.40490000000000137
2022-01-05 12:00:00,23.81,23.81,23.07,23.17,-0.6400999999999968
2022-01-05 13:00:00,23.1692,24.17,22.94,23.7,0.5299999999999976
2022-01-05 14:00:00,23.695,24,22.57,22.745,-0.9549999999999983
2022-01-05 15:00:00,22.7401,23.1001,22.3618,22.7408,-0.00420000000000087
2022-01-06 09:00:00,22.96,23.3,21.5,21.5236,-1.2172000000000018
2022-01-06 10:00:00,21.52,23.77,20.8,22.84,1.3164000000000016
2022-01-06 11:00:00,22.84,23.5,22.75,22.951,0.11100000000000065
2022-01-06 12:00:00,22.96,23.38,22.86,22.88,-0.0710000000000015
2022-01-06 13:00:00,22.88,22.88,22.15,22.705,-0.1750000000000007
2022-01-06 14:00:00,22.71,22.98,22.42,22.89,0.18500000000000227
2022-01-06 15:00:00,22.9,23.02,22.225,22.46,-0.4299999999999997
2022-01-07 09:00:00,23.61,24.3,23.1,23.26,0.8000000000000007
2022-01-07 10:00:00,23.29,23.47,22.64,22.73,-0.5300000000000011
2022-01-07 11:00:00,22.71,23,22.44,22.9299,0.19989999999999952
2022-01-07 12:00:00,22.92,23.07,22.66,22.823,-0.10689999999999955
2022-01-07 13:00:00,22.82,23.07,22.64,22.65,-0.17300000000000182
2022-01-07 14:00:00,22.66,22.99,22.56,22.895,0.245000000000001
2022-01-07 15:00:00,22.9099,23.15,22.87,22.99,0.09499999999999886
2022-01-10 09:00:00,22.42,22.534,21.3101,21.68,-1.3099999999999987
2022-01-10 10:00:00,21.67,22.36,21.25,21.41,-0.2699999999999996
2022-01-10 11:00:00,21.4,22.49,21.29,22.2611,0.8510999999999989
2022-01-10 12:00:00,22.26,22.3,21.47,21.505,-0.7561
2022-01-10 13:00:00,21.51,22.09,21.46,22,0.495000000000001
2022-01-10 14:00:00,21.995,22.34,21.995,22.28,0.28000000000000114
2022-01-10 15:00:00,22.2801,22.8703,22.08,22.7712,0.4911999999999992
2022-01-11 09:00:00,22.4,23.59,22.09,23.385,0.6138000000000012
2022-01-11 10:00:00,23.385,23.75,22.619,22.7701,-0.6149000000000022
2022-01-11 11:00:00,22.77,23.25,22.76,23.2357,0.465600000000002
2022-01-11 12:00:00,23.24,23.27,22.8,22.9401,-0.2956000000000003
2022-01-11 13:00:00,22.95,23.24,22.44,22.6,-0.3400999999999996
2022-01-11 14:00:00,22.6086,22.67,22.18,22.42,-0.17999999999999972
2022-01-11 15:00:00,22.4211,22.8,22.26,22.79,0.36999999999999744
2022-01-12 09:00:00,22.86,23.18,22.43,23.07,0.28000000000000114
2022-01-12 10:00:00,23.07,23.3598,22.34,22.4724,-0.5975999999999999
2022-01-12 11:00:00,22.4868,22.605,22.05,22.45,-0.022400000000001086
2022-01-12 12:00:00,22.4511,22.93,22.39,22.8801,0.4300999999999995
2022-01-12 13:00:00,22.89,22.92,22.6209,22.701,-0.17909999999999826
2022-01-12 14:00:00,22.7,22.8,22.36,22.755,0.053999999999998494
2022-01-12 15:00:00,22.76,22.9,22.6,22.72,-0.03500000000000014
2022-01-13 09:00:00,22.65,23.15,22.29,23.03,0.3100000000000023
2022-01-13 10:00:00,23.03,23.12,22.17,22.32,-0.7100000000000009
2022-01-13 11:00:00,22.3284,22.83,22.32,22.7509,0.43090000000000117
2022-01-13 12:00:00,22.74,22.74,22.02,22.21,-0.5409000000000006
2022-01-13 13:00:00,22.2138,22.22,21.61,21.92,-0.28999999999999915
2022-01-13 14:00:00,21.92,22.18,21.37,21.555,-0.365000000000002
2022-01-13 15:00:00,21.56,21.56,20.525,20.66,-0.8949999999999996
2022-01-14 09:00:00,20.33,20.52,19.51,20.08,-0.5800000000000018
2022-01-14 10:00:00,20.0799,21.08,19.83,20.52,0.4400000000000013
2022-01-14 11:00:00,20.5245,20.96,20.265,20.4,-0.120000000000001
2022-01-14 12:00:00,20.39,20.52,19.98,20.13,-0.2699999999999996
2022-01-14 13:00:00,20.135,20.34,19.625,20.265,0.13500000000000156
2022-01-14 14:00:00,20.26,20.398,20,20.26,-0.004999999999999005
2022-01-14 15:00:00,20.265,20.72,20.265,20.57,0.3099999999999987
2022-01-18 09:00:00,19.79,19.8879,18.78,18.96,-1.6099999999999994
2022-01-18 10:00:00,18.95,19.545,18.6808,18.9682,0.008199999999998653
2022-01-18 11:00:00,18.965,19.03,18.54,18.7,-0.2682000000000002
2022-01-18 12:00:00,18.6982,18.79,18.08,18.155,-0.5449999999999982
2022-01-18 13:00:00,18.15,18.365,17.8,18.17,0.015000000000000568
2022-01-18 14:00:00,18.165,19.05,18.1601,18.88,0.7099999999999973
2022-01-18 15:00:00,18.885,19.1,18.67,18.835,-0.04499999999999815
2022-01-19 09:00:00,18.53,19.42,18.52,18.995,0.16000000000000014
2022-01-19 10:00:00,18.99,19.2699,18.15,18.335,-0.6600000000000001
2022-01-19 11:00:00,18.33,18.5,18.03,18.43,0.09499999999999886
2022-01-19 12:00:00,18.425,18.905,18.41,18.6696,0.23959999999999937
2022-01-19 13:00:00,18.6601,19.04,18.52,18.815,0.1454000000000022
2022-01-19 14:00:00,18.81,18.8582,18.6,18.7182,-0.09680000000000177
2022-01-19 15:00:00,18.71,18.79,18.31,18.328,-0.3902000000000001
2022-01-20 09:00:00,18.59,19.24,18.23,19.15,0.8219999999999992
2022-01-20 10:00:00,19.14,20.16,18.91,19.055,-0.09499999999999886
2022-01-20 11:00:00,19.055,19.23,18.84,19.125,0.07000000000000028
2022-01-20 12:00:00,19.125,19.69,18.99,19.215,0.08999999999999986
2022-01-20 13:00:00,19.21,19.2196,18.9536,18.98,-0.23499999999999943
2022-01-20 14:00:00,18.985,19.34,18.51,18.5502,-0.4298000000000002
2022-01-20 15:00:00,18.55,18.63,17.95,18.08,-0.47020000000000195
2022-01-21 09:00:00,17.77,18.41,16.68,17.005,-1.0749999999999993
2022-01-21 10:00:00,17.0064,17.72,16.22,17.4,0.3949999999999996
2022-01-21 11:00:00,17.41,17.73,16.94,17.28,-0.11999999999999744
2022-01-21 12:00:00,17.28,17.55,17.05,17.33,0.04999999999999716
2022-01-21 13:00:00,17.33,18.2,17.3199,17.7501,0.4201000000000015
2022-01-21 14:00:00,17.755,18.56,17.72,18.02,0.2698999999999998
2022-01-21 15:00:00,18.02,18.37,17.6,17.96,-0.05999999999999872
2022-01-24 09:00:00,16.24,16.98,15.65,15.91,-2.0500000000000007
2022-01-24 10:00:00,15.905,16.22,15.45,15.74,-0.16999999999999993
2022-01-24 11:00:00,15.72,15.75,14.52,15,-0.7400000000000002
2022-01-24 12:00:00,14.99,15.58,14.23,15.488,0.48799999999999955
2022-01-24 13:00:00,15.48,17.0099,15.24,16.86,1.3719999999999999
2022-01-24 14:00:00,16.87,17.29,15.765,16.16,-0.6999999999999993
2022-01-24 15:00:00,16.155,16.86,15.855,16.64,0.4800000000000004
2022-01-25 09:00:00,15.89,16.62,15.55,15.9,-0.7400000000000002
2022-01-25 10:00:00,15.88,16.56,15.74,16,0.09999999999999964
2022-01-25 11:00:00,15.994,16.32,15.71,15.8521,-0.14789999999999992
2022-01-25 12:00:00,15.85,16.02,15.6932,15.96,0.10790000000000077
2022-01-25 13:00:00,15.96,16.45,15.85,16.37,0.41000000000000014
2022-01-25 14:00:00,16.365,16.44,16.1115,16.26,-0.10999999999999943
2022-01-25 15:00:00,16.27,16.375,16,16.01,-0.25
2022-01-26 09:00:00,16.21,16.49,15.9518,16.4199,0.4098999999999968
2022-01-26 10:00:00,16.4,16.73,15.8116,16.02,-0.3998999999999988
2022-01-26 11:00:00,16.02,16.83,15.9641,16.7492,0.7291999999999987
2022-01-26 12:00:00,16.75,18.155,16.725,17.66,0.9108000000000018
2022-01-26 13:00:00,17.66,17.96,17.32,17.4284,-0.23160000000000025
2022-01-26 14:00:00,17.42,17.88,16.22,16.28,-1.1483999999999988
2022-01-26 15:00:00,16.27,16.29,15.65,15.93,-0.3500000000000014
2022-01-27 09:00:00,16.11,16.59,15.9603,16.161,0.23100000000000165
2022-01-27 10:00:00,16.161,16.23,14.74,14.98,-1.181000000000001
2022-01-27 11:00:00,14.9799,15.39,14.9,15.045,0.0649999999999995
2022-01-27 12:00:00,15.05,15.05,14.66,14.74,-0.3049999999999997
2022-01-27 13:00:00,14.73,15.1595,14.58,15.03,0.28999999999999915
2022-01-27 14:00:00,15.03,15.17,14.53,14.65,-0.379999999999999
2022-01-27 15:00:00,14.65,14.845,14.395,14.52,-0.13000000000000078
2022-01-28 09:00:00,14.6,14.77,13.62,13.695,-0.8249999999999993
2022-01-28 10:00:00,13.695,14.4,13.4,14.3384,0.6433999999999997
2022-01-28 11:00:00,14.34,14.88,14.08,14.78,0.4415999999999993
2022-01-28 12:00:00,14.785,15,14.6399,14.68,-0.09999999999999964
2022-01-28 13:00:00,14.68,15.25,14.63,14.786,0.10599999999999987
2022-01-28 14:00:00,14.785,14.88,14.26,14.66,-0.12599999999999945
2022-01-28 15:00:00,14.67,15.08,14.57,15.07,0.41000000000000014
2022-01-31 09:00:00,15.14,15.8155,15,15.79,0.7199999999999989
2022-01-31 10:00:00,15.7951,16.18,15.6,16.15,0.35999999999999943
2022-01-31 11:00:00,16.144,16.25,15.62,16.115,-0.03500000000000014
2022-01-31 12:00:00,16.1168,16.165,15.7,16.0112,-0.10379999999999967
2022-01-31 13:00:00,16.0199,16.09,15.7,15.914,-0.09719999999999906
2022-01-31 14:00:00,15.92,16.05,15.85,16.02,0.10599999999999987
2022-01-31 15:00:00,16.02,16.1571,15.72,16.05,0.030000000000001137
2022-02-01 09:00:00,18.15,18.26,16.82,16.92,0.870000000000001
2022-02-01 10:00:00,16.9436,17.95,16.6,17.885,0.9649999999999999
2022-02-01 11:00:00,17.89,18.71,17.63,18.18,0.29499999999999815
2022-02-01 12:00:00,18.17,18.235,17.255,17.68,-0.5
2022-02-01 13:00:00,17.6701,17.71,16.8,16.975,-0.7049999999999983
2022-02-01 14:00:00,16.98,17.09,16.52,16.79,-0.18500000000000227
2022-02-01 15:00:00,16.785,17.02,16.61,16.86,0.07000000000000028
2022-02-02 09:00:00,16.55,16.9569,16.15,16.58,-0.28000000000000114
2022-02-02 10:00:00,16.59,17.065,16.42,16.47,-0.10999999999999943
2022-02-02 11:00:00,16.47,16.47,15.87,16.08,-0.39000000000000057
2022-02-02 12:00:00,16.08,16.19,15.88,16.1668,0.08680000000000021
2022-02-02 13:00:00,16.16,16.43,15.965,16.1577,-0.009100000000000108
2022-02-02 14:00:00,16.16,16.28,15.79,15.8689,-0.2887999999999984
2022-02-02 15:00:00,15.87,15.98,15.38,15.4,-0.46889999999999965
2022-02-03 09:00:00,15.04,15.65,14.87,15.1473,-0.2527000000000008
2022-02-03 10:00:00,15.15,15.85,14.93,15.24,0.09270000000000067
2022-02-03 11:00:00,15.24,15.49,15.08,15.1293,-0.11069999999999958
2022-02-03 12:00:00,15.13,15.17,14.88,14.9601,-0.16920000000000002
2022-02-03 13:00:00,14.96,14.98,14.71,14.875,-0.08510000000000062
2022-02-03 14:00:00,14.87,15.02,14.65,14.7699,-0.1051000000000002
2022-02-03 15:00:00,14.7671,15.08,14.66,14.85,0.08009999999999984
2022-02-04 09:00:00,15,15.19,14.74,15.015,0.16500000000000092
2022-02-04 10:00:00,15.015,15.4,14.89,14.925,-0.08999999999999986
2022-02-04 11:00:00,14.92,15.109,14.77,14.885,-0.040000000000000924
2022-02-04 12:00:00,14.89,15.19,14.87,15.1358,0.2507999999999999
2022-02-04 13:00:00,15.14,15.305,15.14,15.265,0.12920000000000087
2022-02-04 14:00:00,15.265,15.54,15.1,15.54,0.2749999999999986
2022-02-04 15:00:00,15.53,15.7,15.345,15.35,-0.1899999999999995
2022-02-07 09:00:00,15.62,16,15.36,15.675,0.32500000000000107
2022-02-07 10:00:00,15.679,15.7,15.21,15.41,-0.26500000000000057
2022-02-07 11:00:00,15.41,15.4491,14.885,14.975,-0.4350000000000005
2022-02-07 12:00:00,14.97,14.9899,14.68,14.74,-0.23499999999999943
2022-02-07 13:00:00,14.735,14.94,14.7,14.865,0.125
2022-02-07 14:00:00,14.86,15.03,14.79,14.93,0.0649999999999995
2022-02-07 15:00:00,14.935,15.145,14.81,14.91,-0.019999999999999574
2022-02-08 09:00:00,14.9,15.22,14.69,14.831,-0.07900000000000063
2022-02-08 10:00:00,14.835,15.04,14.65,15.0101,0.17910000000000004
2022-02-08 11:00:00,15.015,15.605,15,15.365,0.35490000000000066
2022-02-08 12:00:00,15.37,16.28,15.24,15.98,0.6150000000000002
2022-02-08 13:00:00,15.97,16.58,15.84,16.5699,0.5899000000000001
2022-02-08 14:00:00,16.565,16.82,16.01,16.042,-0.5278999999999989
2022-02-08 15:00:00,16.04,16.46,15.96,16.44,0.3979999999999997
2022-02-09 09:00:00,16.3,17.5,16.14,17.07,0.629999999999999
2022-02-09 10:00:00,17.075,17.7491,16.91,17.73,0.6600000000000001
2022-02-09 11:00:00,17.725,18.72,17.72,18.1695,0.4394999999999989
2022-02-09 12:00:00,18.165,18.24,17.725,18.02,-0.14949999999999974
2022-02-09 13:00:00,18.015,18.41,17.93,18.37,0.3500000000000014
2022-02-09 14:00:00,18.37,18.52,18.06,18.1516,-0.2184000000000026
2022-02-09 15:00:00,18.155,19,18.02,18.94,0.7884000000000029
2022-02-10 09:00:00,17.9,19.3,17.85,19.2894,0.34939999999999927
2022-02-10 10:00:00,19.285,20.96,19.1645,20.3087,1.0193000000000012
2022-02-10 11:00:00,20.31,20.74,19.53,20.225,-0.08370000000000033
2022-02-10 12:00:00,20.2208,20.45,19.34,19.62,-0.6050000000000004
2022-02-10 13:00:00,19.62,19.84,18.8,19.07,-0.5500000000000007
2022-02-10 14:00:00,19.07,19.15,18.585,18.6601,-0.4099000000000004
2022-02-10 15:00:00,18.67,18.92,18.23,18.59,-0.07010000000000005
2022-02-11 09:00:00,18.62,19.3,18.331,18.64,0.05000000000000071
2022-02-11 10:00:00,18.645,19.37,18.37,19.265,0.625
2022-02-11 11:00:00,19.27,19.39,18.91,19,-0.26500000000000057
2022-02-11 12:00:00,19,19.6,18.82,19.37,0.370000000000001
2022-02-11 13:00:00,19.3799,19.66,18.72,18.8255,-0.5444999999999993
2022-02-11 14:00:00,18.82,19.17,18.47,18.645,-0.1805000000000021
2022-02-11 15:00:00,18.65,19.05,18.45,18.815,0.1700000000000017
2022-02-14 09:00:00,18.83,19.36,18.4,19.11,0.29499999999999815
2022-02-14 10:00:00,19.11,19.12,18.26,18.605,-0.504999999999999
2022-02-14 11:00:00,18.61,19.03,18.52,18.62,0.015000000000000568
2022-02-14 12:00:00,18.62,18.75,18.28,18.335,-0.28500000000000014
2022-02-14 13:00:00,18.325,18.35,17.76,17.799,-0.5360000000000014
2022-02-14 14:00:00,17.79,18.24,17.66,18.07,0.2710000000000008
2022-02-14 15:00:00,18.075,18.16,17.66,17.76,-0.3099999999999987
2022-02-15 09:00:00,18.05,18.53,17.96,18.3398,0.5797999999999988
2022-02-15 10:00:00,18.35,18.59,18.11,18.275,-0.06480000000000175
2022-02-15 11:00:00,18.275,18.9,18.2,18.815,0.5400000000000027
2022-02-15 12:00:00,18.82,18.8689,18.43,18.585,-0.23000000000000043
2022-02-15 13:00:00,18.5893,18.77,18.4,18.7432,0.15820000000000078
2022-02-15 14:00:00,18.745,19.1992,18.63,19.1294,0.38619999999999877
2022-02-15 15:00:00,19.1282,19.55,18.94,19.48,0.3506
2022-02-16 09:00:00,19.35,20.12,19.26,20.0122,0.5321999999999996
2022-02-16 10:00:00,20.01,20.58,19.82,20.2714,0.2591999999999999
2022-02-16 11:00:00,20.275,20.49,19.83,19.9501,-0.3213000000000008
2022-02-16 12:00:00,19.955,20,19.42,19.475,-0.47509999999999764
2022-02-16 13:00:00,19.475,19.69,19.3703,19.5999,0.12490000000000023
2022-02-16 14:00:00,19.59,20.135,19.4301,19.77,0.17009999999999792
2022-02-16 15:00:00,19.78,20.02,19.64,19.65,-0.120000000000001
2022-02-17 09:00:00,19.48,20.05,19.41,19.695,0.045000000000001705
2022-02-17 10:00:00,19.6999,20.17,19.555,19.981,0.28600000000000136
2022-02-17 11:00:00,19.9808,20.21,19.65,19.7,-0.28100000000000236
2022-02-17 12:00:00,19.72,19.77,19.3706,19.46,-0.23999999999999844
2022-02-17 13:00:00,19.4609,19.62,18.85,18.95,-0.5100000000000016
2022-02-17 14:00:00,18.94,18.94,18.57,18.59,-0.35999999999999943
2022-02-17 15:00:00,18.59,19.03,18.47,18.93,0.33999999999999986
2022-02-18 09:00:00,18.99,19.2,18.55,18.94,0.010000000000001563
2022-02-18 10:00:00,18.9499,18.96,17.73,17.88,-1.0600000000000023
2022-02-18 11:00:00,17.878,18.16,17.695,17.909,0.028999999999999915
2022-02-18 12:00:00,17.91,18.14,17.76,17.875,-0.03399999999999892
2022-02-18 13:00:00,17.88,18.04,17.685,17.9084,0.03340000000000032
2022-02-18 14:00:00,17.91,18.2,17.82,17.99,0.08159999999999812
2022-02-18 15:00:00,18,18.06,17.705,17.89,-0.09999999999999787
2022-02-22 09:00:00,17.36,17.78,16.72,17.675,-0.21499999999999986
2022-02-22 10:00:00,17.675,18.13,17.46,17.495,-0.17999999999999972
2022-02-22 11:00:00,17.4916,17.53,17.06,17.075,-0.4200000000000017
2022-02-22 12:00:00,17.07,17.22,16.78,16.7916,-0.2834000000000003
2022-02-22 13:00:00,16.8,16.92,16.11,16.32,-0.4715999999999987
2022-02-22 14:00:00,16.31,16.98,16.155,16.87,0.5500000000000007
2022-02-22 15:00:00,16.88,17.11,16.35,16.46,-0.41000000000000014
2022-02-23 09:00:00,16.73,17.02,16.4245,16.465,0.004999999999999005
2022-02-23 10:00:00,16.4693,16.49,15.83,16.0101,-0.4548999999999985
2022-02-23 11:00:00,16.02,16.3,15.88,16.1105,0.10039999999999694
2022-02-23 12:00:00,16.12,16.35,15.84,15.86,-0.25049999999999883
2022-02-23 13:00:00,15.86,15.96,15.62,15.795,-0.0649999999999995
2022-02-23 14:00:00,15.79,16.08,15.7196,16.005,0.20999999999999908
2022-02-23 15:00:00,16.005,16.03,15.63,15.73,-0.2749999999999986
2022-02-24 09:00:00,14.97,16.02,14.96,15.96,0.23000000000000043
2022-02-24 10:00:00,15.96,16.49,15.61,16.111,0.1509999999999998
2022-02-24 11:00:00,16.12,16.34,15.945,16.18,0.06899999999999906
2022-02-24 12:00:00,16.1721,16.28,15.84,15.91,-0.2699999999999996
2022-02-24 13:00:00,15.91,16.49,15.84,16.285,0.375
2022-02-24 14:00:00,16.28,17.435,16.22,17.4202,1.135200000000001
2022-02-24 15:00:00,17.425,17.77,17.17,17.68,0.2597999999999985
2022-02-25 09:00:00,17.71,17.86,16.74,16.7442,-0.9358000000000004
2022-02-25 10:00:00,16.74,17.4,16.53,17.25,0.5058000000000007
2022-02-25 11:00:00,17.26,17.48,16.9335,17.45,0.1999999999999993
2022-02-25 12:00:00,17.445,17.55,17.011,17.045,-0.4049999999999976
2022-02-25 13:00:00,17.05,17.22,16.93,17.07,0.02499999999999858
2022-02-25 14:00:00,17.075,17.38,16.89,17.33,0.259999999999998
2022-02-25 15:00:00,17.33,17.74,17.26,17.64,0.3100000000000023
2022-02-28 09:00:00,17.995,18.27,17.61,17.97,0.3299999999999983
2022-02-28 10:00:00,17.97,18.89,17.665,18.85,0.8800000000000026
2022-02-28 11:00:00,18.843,19.34,18.75,19.125,0.2749999999999986
2022-02-28 12:00:00,19.12,19.125,18.27,18.43,-0.6950000000000003
2022-02-28 13:00:00,18.4242,18.83,18.35,18.6592,0.22919999999999874
2022-02-28 14:00:00,18.65,18.65,18.25,18.465,-0.1941999999999986
2022-02-28 15:00:00,18.46,18.91,18.27,18.86,0.3949999999999996
2022-03-01 09:00:00,19,19.43,18.38,18.67,-0.18999999999999773
2022-03-01 10:00:00,18.67,19.13,18.57,18.6604,-0.009600000000002495
2022-03-01 11:00:00,18.66,18.85,18.11,18.16,-0.5003999999999991
2022-03-01 12:00:00,18.15,18.35,17.96,18.3179,0.15790000000000148
2022-03-01 13:00:00,18.31,18.36,17.88,18.02,-0.29790000000000205
2022-03-01 14:00:00,18.03,18.38,17.83,18.235,0.21499999999999986
2022-03-01 15:00:00,18.235,18.47,17.91,18.28,0.045000000000001705
2022-03-02 09:00:00,18.01,18.64,17.55,18.1138,-0.1661999999999999
2022-03-02 10:00:00,18.12,18.22,17.45,17.48,-0.6338000000000008
2022-03-02 11:00:00,17.48,18.07,17.31,17.83,0.34999999999999787
2022-03-02 12:00:00,17.8259,17.96,17.6,17.881,0.05100000000000193
2022-03-02 13:00:00,17.88,18.45,17.88,18.305,0.4239999999999995
2022-03-02 14:00:00,18.315,18.48,18.16,18.395,0.08999999999999986
2022-03-02 15:00:00,18.39,18.6901,18.35,18.53,0.13500000000000156
2022-03-03 09:00:00,18.63,18.7,18.05,18.14,-0.39000000000000057
2022-03-03 10:00:00,18.1399,18.315,17.87,17.9043,-0.23570000000000135
2022-03-03 11:00:00,17.9,18.42,17.7975,18.125,0.22070000000000078
2022-03-03 12:00:00,18.12,18.4108,17.9801,18.155,0.030000000000001137
2022-03-03 13:00:00,18.15,18.31,18.1115,18.17,0.015000000000000568
2022-03-03 14:00:00,18.17,18.52,18.01,18.11,-0.060000000000002274
2022-03-03 15:00:00,18.11,18.23,17.94,18.06,-0.05000000000000071
2022-03-04 09:00:00,18.05,18.32,17.46,17.64,-0.41999999999999815
2022-03-04 10:00:00,17.6392,17.7588,16.88,16.8855,-0.7545000000000002
2022-03-04 11:00:00,16.885,17.33,16.59,16.925,0.03950000000000031
2022-03-04 12:00:00,16.9234,17.275,16.8,16.98,0.054999999999999716
2022-03-04 13:00:00,16.98,17.23,16.7901,16.805,-0.1750000000000007
2022-03-04 14:00:00,16.8099,16.82,16.46,16.52,-0.28500000000000014
2022-03-04 15:00:00,16.5211,16.72,16.35,16.57,0.05000000000000071
2022-03-07 09:00:00,16.91,17.1,16.2692,16.46,-0.10999999999999943
2022-03-07 10:00:00,16.46,16.76,15.96,16.08,-0.38000000000000256
2022-03-07 11:00:00,16.08,16.62,16.05,16.11,0.030000000000001137
2022-03-07 12:00:00,16.115,16.43,15.88,16.242,0.13200000000000145
2022-03-07 13:00:00,16.2401,16.28,15.62,15.7178,-0.5242000000000004
2022-03-07 14:00:00,15.715,15.81,15.355,15.4053,-0.3125
2022-03-07 15:00:00,15.4,15.48,14.8995,15.21,-0.19529999999999959
2022-03-08 09:00:00,15.15,15.34,14.42,14.63,-0.5800000000000001
2022-03-08 10:00:00,14.63,15.73,14.3801,15.72,1.0899999999999999
2022-03-08 11:00:00,15.73,15.83,15.23,15.7,-0.02000000000000135
2022-03-08 12:00:00,15.705,16.13,15.625,16,0.3000000000000007
2022-03-08 13:00:00,16,16.26,15.59,15.6201,-0.37989999999999924
2022-03-08 14:00:00,15.6209,15.76,15.3906,15.5892,-0.030900000000000816
2022-03-08 15:00:00,15.59,15.695,15.31,15.39,-0.19919999999999938
2022-03-09 09:00:00,15.72,16.08,15.425,15.66,0.2699999999999996
2022-03-09 10:00:00,15.66,16.02,15.54,15.904,0.24399999999999977
2022-03-09 11:00:00,15.91,15.95,15.62,15.8788,-0.02519999999999989
2022-03-09 12:00:00,15.8799,16.09,15.75,15.995,0.11619999999999919
2022-03-09 13:00:00,15.99,16.27,15.81,16.07,0.07500000000000107
2022-03-09 14:00:00,16.08,16.205,15.99,16.0187,-0.051300000000001234
2022-03-09 15:00:00,16.02,16.05,15.66,15.72,-0.2986999999999984
2022-03-10 09:00:00,15.63,15.81,15.1346,15.55,-0.16999999999999993
2022-03-10 10:00:00,15.53,15.53,14.8312,14.9623,-0.5876999999999999
2022-03-10 11:00:00,14.965,15.05,14.78,14.97,0.007699999999999818
2022-03-10 12:00:00,14.9684,15.29,14.94,14.985,0.014999999999998792
2022-03-10 13:00:00,14.98,15.2099,14.91,15.1301,0.14510000000000112
2022-03-10 14:00:00,15.13,15.3,15.06,15.2,0.06989999999999874
2022-03-10 15:00:00,15.2,15.49,15.08,15.32,0.120000000000001
2022-03-11 09:00:00,15.31,15.4,14.46,14.65,-0.6699999999999999
2022-03-11 10:00:00,14.645,14.81,14.31,14.7599,0.10989999999999966
2022-03-11 11:00:00,14.76,14.86,14.6107,14.8599,0.09999999999999964
2022-03-11 12:00:00,14.8501,14.935,14.71,14.825,-0.034900000000000375
2022-03-11 13:00:00,14.82,14.98,14.72,14.7417,-0.08329999999999949
2022-03-11 14:00:00,14.7472,14.79,14.51,14.56,-0.1816999999999993
2022-03-11 15:00:00,14.5599,14.62,14.265,14.3,-0.2599999999999998
2022-03-14 09:00:00,14.05,14.05,12.9,13.5994,-0.7006000000000014
2022-03-14 10:00:00,13.595,14.155,13.5,13.925,0.32560000000000144
2022-03-14 11:00:00,13.9201,14.1,13.605,13.699,-0.22600000000000087
2022-03-14 12:00:00,13.69,13.74,13.46,13.475,-0.2240000000000002
2022-03-14 13:00:00,13.475,13.685,13.36,13.36,-0.11500000000000021
2022-03-14 14:00:00,13.365,13.6,13.34,13.47,0.11000000000000121
2022-03-14 15:00:00,13.47,13.735,13.45,13.55,0.08000000000000007
2022-03-15 09:00:00,13.76,14.6,13.31,13.48,-0.07000000000000028
2022-03-15 10:00:00,13.49,14.3,13.17,13.98,0.5
2022-03-15 11:00:00,13.98,14.04,13.47,13.575,-0.40500000000000114
2022-03-15 12:00:00,13.57,13.72,13.45,13.605,0.030000000000001137
2022-03-15 13:00:00,13.6,13.87,13.5112,13.8608,0.2557999999999989
2022-03-15 14:00:00,13.86,14.16,13.695,14.13,0.26920000000000144
2022-03-15 15:00:00,14.1283,14.6917,14.04,14.48,0.34999999999999964
2022-03-16 09:00:00,14.51,15.545,14.47,15.34,0.8599999999999994
2022-03-16 10:00:00,15.34,15.69,15.07,15.325,-0.015000000000000568
2022-03-16 11:00:00,15.33,15.37,14.875,14.99,-0.3349999999999991
2022-03-16 12:00:00,14.995,15.2,14.73,14.89,-0.09999999999999964
2022-03-16 13:00:00,14.89,14.9027,14.64,14.8327,-0.057299999999999685
2022-03-16 14:00:00,14.82,14.86,14.23,14.79,-0.04270000000000174
2022-03-16 15:00:00,14.785,15.27,14.65,15.2492,0.45920000000000094
2022-03-17 09:00:00,14.91,15.58,14.86,15.5699,0.32070000000000043
2022-03-17 10:00:00,15.58,15.61,15.02,15.115,-0.4549000000000003
2022-03-17 11:00:00,15.11,15.33,15.065,15.26,0.14499999999999957
2022-03-17 12:00:00,15.26,15.44,15.1699,15.39,0.13000000000000078
2022-03-17 13:00:00,15.39,15.46,15.24,15.3276,-0.06240000000000023
2022-03-17 14:00:00,15.32,15.34,15.14,15.1782,-0.14939999999999998
2022-03-17 15:00:00,15.17,15.2,14.98,15.19,0.011799999999999145
2022-03-18 09:00:00,14.98,15.77,14.97,15.7509,0.5609000000000002
2022-03-18 10:00:00,15.755,15.9,15.23,15.59,-0.16089999999999982
2022-03-18 11:00:00,15.59,15.63,15.36,15.4501,-0.13989999999999903
2022-03-18 12:00:00,15.46,15.72,15.33,15.635,0.18489999999999895
2022-03-18 13:00:00,15.6367,15.75,15.535,15.5713,-0.06369999999999898
2022-03-18 14:00:00,15.57,15.78,15.2977,15.76,0.18869999999999898
2022-03-18 15:00:00,15.75,15.8,15.51,15.8,0.040000000000000924
2022-03-21 09:00:00,15.69,16.55,15.6,15.9642,0.16419999999999924
2022-03-21 10:00:00,15.965,16.36,15.67,16.2312,0.26700000000000124
2022-03-21 11:00:00,16.2385,16.25,15.9147,16.12,-0.11120000000000019
2022-03-21 12:00:00,16.13,16.33,15.74,15.775,-0.34500000000000064
2022-03-21 13:00:00,15.78,15.78,15.415,15.53,-0.245000000000001
2022-03-21 14:00:00,15.53,15.5701,15.275,15.3011,-0.22889999999999944
2022-03-21 15:00:00,15.3,15.88,15.282,15.86,0.5588999999999995
2022-03-22 09:00:00,15.88,16.41,15.751,16.335,0.4750000000000014
2022-03-22 10:00:00,16.34,16.6791,16.21,16.655,0.3200000000000003
2022-03-22 11:00:00,16.655,16.77,16.4501,16.5,-0.15500000000000114
2022-03-22 12:00:00,16.4981,17.1,16.35,17.0199,0.5198999999999998
2022-03-22 13:00:00,17.015,17.9,16.99,17.74,0.7200999999999986
2022-03-22 14:00:00,17.73,18.91,17.63,18.195,0.45500000000000185
2022-03-22 15:00:00,18.195,18.55,18.01,18.11,-0.08500000000000085
2022-03-23 09:00:00,18.75,20.43,18.18,19.0792,0.9692000000000007
2022-03-23 10:00:00,19.07,19.43,18.52,18.73,-0.34919999999999973
2022-03-23 11:00:00,18.735,20.86,18.58,20.795,2.0650000000000013
2022-03-23 12:00:00,20.7957,22,20.47,21.7291,0.9340999999999973
2022-03-23 13:00:00,21.725,22,20.72,21.1501,-0.5790000000000006
2022-03-23 14:00:00,21.15,22.35,20.81,21.465,0.3149000000000015
2022-03-23 15:00:00,21.47,21.69,20.47,20.75,-0.7149999999999999
2022-03-24 09:00:00,20.05,20.3,19.11,19.57,-1.1799999999999997
2022-03-24 10:00:00,19.57,19.99,18.86,19.288,-0.28200000000000003
2022-03-24 11:00:00,19.285,20.12,19.18,19.795,0.5070000000000014
2022-03-24 12:00:00,19.795,20.38,19.59,20.2995,0.5044999999999966
2022-03-24 13:00:00,20.3,20.57,20.01,20.3421,0.04260000000000019
2022-03-24 14:00:00,20.3401,20.42,19.6,19.95,-0.3920999999999992
2022-03-24 15:00:00,19.945,20.449,19.81,20.21,0.26000000000000156
2022-03-25 09:00:00,19.95,21.38,19.71,20.91,0.6999999999999993
2022-03-25 10:00:00,20.91,21.51,20.61,21.44,0.5300000000000011
2022-03-25 11:00:00,21.44,21.7,20.5,20.63,-0.8100000000000023
2022-03-25 12:00:00,20.635,21.11,20,20.33,-0.3000000000000007
2022-03-25 13:00:00,20.34,20.57,20,20.32,-0.00999999999999801
2022-03-25 14:00:00,20.32,20.69,20.26,20.342,0.021999999999998465
2022-03-25 15:00:00,20.3474,20.35,19.85,20.24,-0.10200000000000031
2022-03-28 09:00:00,20.61,22.6,20.53,22.34,2.1000000000000014
2022-03-28 10:00:00,22.35,24.29,22.15,24.2899,1.9498999999999995
2022-03-28 11:00:00,24.28,26.47,23.86,24.73,0.44010000000000105
2022-03-28 12:00:00,24.729,25.68,24.215,25.36,0.629999999999999
2022-03-28 13:00:00,25.36,25.63,24.62,25.615,0.254999999999999
2022-03-28 14:00:00,25.62,26.94,25.54,26.8344,1.2194000000000003
2022-03-28 15:00:00,26.8399,29.73,26.31,29.35,2.5156000000000027
2022-03-29 09:00:00,30.03,34.33,28.05,29.21,-0.14000000000000057
2022-03-29 10:00:00,29.21,29.75,26.41,29.705,0.49499999999999744
2022-03-29 11:00:00,29.7099,30.98,29.1,30.0857,0.3807000000000009
2022-03-29 12:00:00,30.09,30.6,28.905,29.3445,-0.7411999999999992
2022-03-29 13:00:00,29.3433,30.2,28.56,30.15,0.8054999999999986
2022-03-29 14:00:00,30.14,31.34,29.69,30.58,0.4299999999999997
2022-03-29 15:00:00,30.57,30.74,28.92,29.4498,-1.1301999999999985
2022-03-30 09:00:00,28.56,28.99,27.29,27.81,-1.639800000000001
2022-03-30 10:00:00,27.8,29.226,27.75,27.915,0.10500000000000043
2022-03-30 11:00:00,27.925,28.27,27.31,27.355,-0.5599999999999987
2022-03-30 12:00:00,27.3587,27.7,26.68,27.561,0.20599999999999952
2022-03-30 13:00:00,27.57,27.8,26.62,26.69,-0.8709999999999987
2022-03-30 14:00:00,26.695,26.86,26.2,26.4305,-0.25950000000000273
2022-03-30 15:00:00,26.4346,26.57,25.35,25.655,-0.7754999999999974
2022-03-31 09:00:00,24.77,25.64,23.56,24.03,-1.625
2022-03-31 10:00:00,24.035,24.92,23.26,24.78,0.75
2022-03-31 11:00:00,24.8,24.86,23.55,23.9784,-0.8016000000000005
2022-03-31 12:00:00,23.98,25.05,23.8,24.7006,0.7222000000000008
2022-03-31 13:00:00,24.7002,25.92,24.46,25.429,0.728399999999997
2022-03-31 14:00:00,25.425,25.43,24.69,25.17,-0.2589999999999968
2022-03-31 15:00:00,25.1762,25.58,24.4,24.63,-0.5400000000000027
2022-04-01 09:00:00,25.13,25.28,23.6,23.9501,-0.6799
2022-04-01 10:00:00,23.95,24.1988,23.27,23.6001,-0.34999999999999787
2022-04-01 11:00:00,23.605,23.93,23.3,23.385,-0.21509999999999962
2022-04-01 12:00:00,23.38,23.43,22.61,22.839,-0.5460000000000029
2022-04-01 13:00:00,22.83,23.09,22.4,22.51,-0.3289999999999971
2022-04-01 14:00:00,22.515,22.9088,22.34,22.8785,0.3684999999999974
2022-04-01 15:00:00,22.87,23.46,22.84,23.29,0.4115000000000002
2022-04-04 09:00:00,23.48,23.75,22.67,22.9201,-0.3698999999999977
2022-04-04 10:00:00,22.93,23.03,21.94,22.61,-0.31010000000000204
2022-04-04 11:00:00,22.6,23.605,22.45,23.265,0.6550000000000011
2022-04-04 12:00:00,23.265,23.42,22.88,23.0656,-0.1994000000000007
2022-04-04 13:00:00,23.06,23.4099,22.81,22.8736,-0.19200000000000017
2022-04-04 14:00:00,22.87,22.93,22.57,22.815,-0.05859999999999843
2022-04-04 15:00:00,22.81,23.5485,22.81,23.29,0.47499999999999787
2022-04-05 09:00:00,23.18,23.96,22.73,22.8832,-0.4068000000000005
2022-04-05 10:00:00,22.8781,23.0883,22.115,22.1313,-0.7518999999999991
2022-04-05 11:00:00,22.1379,22.28,21.47,21.5705,-0.5608000000000004
2022-04-05 12:00:00,21.57,21.71,21.31,21.6592,0.08869999999999933
2022-04-05 13:00:00,21.659,21.85,21.11,21.3488,-0.3103999999999978
2022-04-05 14:00:00,21.34,21.6842,21.1,21.385,0.0362000000000009
2022-04-05 15:00:00,21.39,21.48,21,21.21,-0.1750000000000007
2022-04-06 09:00:00,20.65,21.4912,20.35,20.935,-0.27500000000000213
2022-04-06 10:00:00,20.9392,21.9188,20.855,20.89,-0.04499999999999815
2022-04-06 11:00:00,20.8801,20.98,20.22,20.275,-0.615000000000002
2022-04-06 12:00:00,20.27,20.3,20.02,20.1458,-0.12919999999999732
2022-04-06 13:00:00,20.14,20.65,20.04,20.355,0.20919999999999916
2022-04-06 14:00:00,20.3654,20.7,20.0103,20.675,0.3200000000000003
2022-04-06 15:00:00,20.68,20.99,20.2319,20.39,-0.28500000000000014
Downloaded from Barchart.com as of 04-07-2022 06:01am CDT