"Symbol: ^DOGEUSD",,,,,
"Date Time","Open","High","Low","Close","Change"
2022-03-08 07:00:00,0.11857,0.11897,0.11845,0.11897,0
2022-03-08 08:00:00,0.11897,0.11897,0.11701,0.11792,-0.0010500000000000093
2022-03-08 09:00:00,0.11792,0.11792,0.11609,0.11663,-0.0012899999999999995
2022-03-08 10:00:00,0.11663,0.11674,0.11571,0.1162,-0.0004299999999999998
2022-03-08 11:00:00,0.1162,0.11744,0.1162,0.11744,0.001240000000000005
2022-03-08 12:00:00,0.11744,0.11926,0.11744,0.1176,0.00015999999999999348
2022-03-08 13:00:00,0.1176,0.11762,0.1173,0.11762,0.000020000000000006124
2022-03-08 14:00:00,0.11762,0.11778,0.11612,0.11634,-0.0012800000000000034
2022-03-08 15:00:00,0.11634,0.11642,0.11579,0.11628,-0.000060000000000004494
2022-03-08 16:00:00,0.11628,0.11641,0.11609,0.11625,-0.00002999999999998837
2022-03-08 17:00:00,0.11625,0.11668,0.11618,0.11658,0.00032999999999999696
2022-03-08 18:00:00,0.11658,0.1173,0.11658,0.11728,0.0006999999999999923
2022-03-08 19:00:00,0.11728,0.11863,0.11728,0.11863,0.001350000000000004
2022-03-08 20:00:00,0.11863,0.11939,0.11857,0.11857,-0.000060000000000004494
2022-03-08 21:00:00,0.11857,0.12173,0.11857,0.12173,0.00316000000000001
2022-03-08 22:00:00,0.12173,0.12226,0.12129,0.12129,-0.00044000000000000983
2022-03-08 23:00:00,0.12129,0.12167,0.12082,0.12086,-0.0004299999999999998
2022-03-09 00:00:00,0.12086,0.12291,0.12086,0.12291,0.00205000000000001
2022-03-09 01:00:00,0.12291,0.12291,0.1223,0.12241,-0.0005000000000000004
2022-03-09 02:00:00,0.12241,0.12441,0.12241,0.12441,0.0020000000000000018
2022-03-09 03:00:00,0.12441,0.12441,0.12338,0.12342,-0.0009900000000000048
2022-03-09 04:00:00,0.12342,0.12342,0.12315,0.12339,-0.000030000000000002247
2022-03-09 05:00:00,0.12339,0.12339,0.12277,0.12304,-0.0003500000000000031
2022-03-09 06:00:00,0.12304,0.12327,0.12121,0.12155,-0.0014899999999999913
2022-03-09 07:00:00,0.12155,0.122,0.12133,0.12133,-0.00022000000000001185
2022-03-09 08:00:00,0.12133,0.1225,0.12133,0.12191,0.0005800000000000111
2022-03-09 09:00:00,0.12191,0.12269,0.12191,0.12269,0.000779999999999989
2022-03-09 10:00:00,0.12269,0.12333,0.12265,0.12265,-0.00003999999999999837
2022-03-09 11:00:00,0.12265,0.12275,0.12265,0.12269,0.00003999999999999837
2022-03-09 12:00:00,0.12269,0.12269,0.12135,0.12146,-0.001229999999999995
2022-03-09 13:00:00,0.12146,0.12146,0.12105,0.12145,-0.000009999999999996123
2022-03-09 14:00:00,0.12145,0.12145,0.12059,0.12059,-0.0008599999999999997
2022-03-09 15:00:00,0.12059,0.12059,0.12058,0.12058,-0.000009999999999996123
2022-03-09 16:00:00,0.12058,0.12132,0.12058,0.12132,0.0007399999999999907
2022-03-09 17:00:00,0.12132,0.12165,0.12132,0.12165,0.00032999999999999696
2022-03-09 18:00:00,0.12165,0.12165,0.12071,0.12071,-0.0009399999999999964
2022-03-09 19:00:00,0.12071,0.12097,0.11861,0.11861,-0.0021000000000000046
2022-03-09 20:00:00,0.11861,0.11952,0.11861,0.11902,0.0004100000000000076
2022-03-09 21:00:00,0.11902,0.11922,0.11881,0.11894,-0.00007999999999999674
2022-03-09 22:00:00,0.11892,0.11892,0.11686,0.11723,-0.0017100000000000032
2022-03-09 23:00:00,0.11723,0.11723,0.11601,0.11614,-0.0010900000000000076
2022-03-10 00:00:00,0.11614,0.11614,0.11614,0.11614,0
2022-03-10 01:00:00,0.11614,0.11622,0.11614,0.11622,0.00008000000000001062
2022-03-10 02:00:00,0.11622,0.11622,0.11572,0.11618,-0.00003999999999999837
2022-03-10 03:00:00,0.11618,0.11686,0.11618,0.11686,0.00068
2022-03-10 04:00:00,0.11686,0.11686,0.116,0.116,-0.0008599999999999997
2022-03-10 05:00:00,0.116,0.11667,0.116,0.11667,0.00066999999999999
2022-03-10 06:00:00,0.11667,0.117,0.11637,0.117,0.00033000000000001084
2022-03-10 07:00:00,0.117,0.11806,0.11493,0.11533,-0.0016700000000000048
2022-03-10 08:00:00,0.11533,0.11769,0.11533,0.11753,0.0021999999999999936
2022-03-10 09:00:00,0.11753,0.11753,0.11717,0.11717,-0.0003599999999999992
2022-03-10 10:00:00,0.11717,0.11753,0.11649,0.11655,-0.0006199999999999956
2022-03-10 11:00:00,0.11655,0.11655,0.11655,0.11655,0
2022-03-10 12:00:00,0.11655,0.11655,0.11551,0.1163,-0.0002500000000000002
2022-03-10 13:00:00,0.1163,0.1163,0.1163,0.1163,0
2022-03-10 14:00:00,0.1163,0.11658,0.1163,0.11658,0.00028000000000000247
2022-03-10 15:00:00,0.11658,0.11702,0.11655,0.11681,0.0002299999999999941
2022-03-10 16:00:00,0.11681,0.11716,0.11624,0.11716,0.0003500000000000031
2022-03-10 17:00:00,0.11716,0.1173,0.11689,0.11689,-0.00027000000000000635
2022-03-10 18:00:00,0.11689,0.11689,0.11608,0.1161,-0.000789999999999999
2022-03-10 19:00:00,0.1161,0.1162,0.11526,0.11526,-0.0008399999999999935
2022-03-10 20:00:00,0.11526,0.11526,0.11505,0.11517,-0.00009000000000000674
2022-03-10 21:00:00,0.11517,0.11546,0.11517,0.11546,0.0002899999999999986
2022-03-10 22:00:00,0.11546,0.11578,0.11531,0.11556,0.00010000000000000286
2022-03-10 23:00:00,0.11556,0.11618,0.11556,0.11599,0.0004299999999999998
2022-03-11 00:00:00,0.11599,0.11673,0.11599,0.11615,0.00016000000000000736
2022-03-11 01:00:00,0.11615,0.11719,0.11615,0.11719,0.0010399999999999993
2022-03-11 02:00:00,0.11719,0.11719,0.11647,0.11665,-0.0005399999999999988
2022-03-11 03:00:00,0.11665,0.11692,0.11646,0.11646,-0.0001900000000000096
2022-03-11 04:00:00,0.11646,0.11646,0.11646,0.11646,0
2022-03-11 05:00:00,0.11646,0.11831,0.11613,0.11831,0.0018500000000000044
2022-03-11 06:00:00,0.11831,0.11856,0.11794,0.11794,-0.00036999999999999533
2022-03-11 07:00:00,0.11794,0.11794,0.11794,0.11794,0
2022-03-11 08:00:00,0.11794,0.11794,0.11642,0.11642,-0.0015200000000000075
2022-03-11 09:00:00,0.11642,0.11642,0.11585,0.11616,-0.00025999999999999635
2022-03-11 10:00:00,0.11616,0.11616,0.11478,0.11549,-0.0006700000000000039
2022-03-11 11:00:00,0.11549,0.11549,0.115,0.115,-0.0004899999999999904
2022-03-11 12:00:00,0.115,0.11542,0.115,0.11522,0.00021999999999999797
2022-03-11 13:00:00,0.11522,0.11522,0.11508,0.11508,-0.00014000000000000123
2022-03-11 14:00:00,0.11508,0.11569,0.11402,0.11402,-0.0010600000000000054
2022-03-11 15:00:00,0.11402,0.11622,0.11402,0.11622,0.0022000000000000075
2022-03-11 16:00:00,0.11622,0.1165,0.1157,0.11591,-0.0003100000000000047
2022-03-11 17:00:00,0.11591,0.11601,0.11538,0.11538,-0.0005300000000000027
2022-03-11 18:00:00,0.11538,0.11691,0.11538,0.11691,0.0015300000000000036
2022-03-11 19:00:00,0.11691,0.11711,0.11678,0.11711,0.00020000000000000573
2022-03-11 20:00:00,0.11711,0.11723,0.11696,0.11696,-0.00015000000000001124
2022-03-11 21:00:00,0.11696,0.11706,0.11654,0.1167,-0.00025999999999999635
2022-03-11 22:00:00,0.1167,0.1167,0.11618,0.11618,-0.0005199999999999927
2022-03-11 23:00:00,0.11618,0.11618,0.11618,0.11618,0
2022-03-12 00:00:00,0.11618,0.11681,0.11618,0.11667,0.0004899999999999904
2022-03-12 01:00:00,0.11667,0.11682,0.11667,0.11679,0.00012000000000000899
2022-03-12 02:00:00,0.11679,0.11683,0.11608,0.11608,-0.0007100000000000023
2022-03-12 03:00:00,0.11608,0.11608,0.11608,0.11608,0
2022-03-12 04:00:00,0.11608,0.11652,0.11608,0.11652,0.00043999999999999595
2022-03-12 05:00:00,0.11652,0.11652,0.11583,0.11583,-0.0006899999999999962
2022-03-12 06:00:00,0.11583,0.11583,0.11583,0.11583,0
2022-03-12 07:00:00,0.11583,0.11678,0.11583,0.11628,0.0004499999999999921
2022-03-12 08:00:00,0.11628,0.11628,0.11554,0.11591,-0.00036999999999999533
2022-03-12 09:00:00,0.11591,0.11627,0.11591,0.11627,0.0003599999999999992
2022-03-12 10:00:00,0.11627,0.11635,0.11606,0.11635,0.00007999999999999674
2022-03-12 11:00:00,0.11635,0.11635,0.1163,0.1163,-0.00004999999999999449
2022-03-12 12:00:00,0.1163,0.1163,0.11614,0.11614,-0.00016000000000000736
2022-03-12 13:00:00,0.11614,0.11614,0.11566,0.11588,-0.00025999999999999635
2022-03-12 14:00:00,0.11588,0.11606,0.11574,0.11581,-0.00007000000000000062
2022-03-12 15:00:00,0.11581,0.11581,0.1153,0.11542,-0.00039000000000000146
2022-03-12 16:00:00,0.11542,0.11572,0.11512,0.11572,0.0003000000000000086
2022-03-12 17:00:00,0.11572,0.11572,0.11506,0.11506,-0.0006600000000000078
2022-03-12 18:00:00,0.11506,0.11506,0.11433,0.11486,-0.00019999999999999185
2022-03-12 19:00:00,0.11486,0.1156,0.11486,0.11556,0.0006999999999999923
2022-03-12 20:00:00,0.11556,0.11563,0.11538,0.11563,0.00007000000000000062
2022-03-12 21:00:00,0.11563,0.11574,0.11554,0.11554,-0.00008999999999999286
2022-03-12 22:00:00,0.11554,0.11628,0.11554,0.11626,0.0007199999999999984
2022-03-12 23:00:00,0.11626,0.11626,0.11574,0.11574,-0.0005200000000000066
2022-03-13 00:00:00,0.11574,0.11599,0.11574,0.11578,0.00003999999999999837
2022-03-13 01:00:00,0.11578,0.1159,0.11541,0.11541,-0.00036999999999999533
2022-03-13 03:00:00,0.11541,0.11585,0.11541,0.11585,0.00043999999999999595
2022-03-13 04:00:00,0.11585,0.11585,0.11513,0.11522,-0.0006299999999999917
2022-03-13 05:00:00,0.11522,0.11544,0.11522,0.11523,0.000009999999999996123
2022-03-13 06:00:00,0.11523,0.11523,0.11478,0.11478,-0.00045000000000000595
2022-03-13 07:00:00,0.11478,0.1148,0.11113,0.11312,-0.0016599999999999948
2022-03-13 08:00:00,0.11312,0.11417,0.11312,0.11394,0.0008200000000000013
2022-03-13 09:00:00,0.11394,0.11417,0.11394,0.11417,0.0002299999999999941
2022-03-13 10:00:00,0.11417,0.11525,0.11417,0.11501,0.0008400000000000074
2022-03-13 11:00:00,0.11501,0.11501,0.11467,0.11474,-0.00027000000000000635
2022-03-13 12:00:00,0.11474,0.11474,0.1143,0.1143,-0.00043999999999999595
2022-03-13 13:00:00,0.1143,0.11441,0.11421,0.11432,0.000020000000000006124
2022-03-13 14:00:00,0.11432,0.11432,0.11372,0.11372,-0.0006000000000000033
2022-03-13 15:00:00,0.11372,0.11372,0.11372,0.11372,0
2022-03-13 16:00:00,0.11372,0.11372,0.11293,0.11325,-0.0004699999999999982
2022-03-13 17:00:00,0.11325,0.11334,0.11021,0.11031,-0.002939999999999998
2022-03-13 18:00:00,0.11031,0.11168,0.11,0.11168,0.0013699999999999962
2022-03-13 19:00:00,0.11168,0.11168,0.11066,0.11066,-0.001020000000000007
2022-03-13 20:00:00,0.11066,0.1117,0.11066,0.11132,0.0006600000000000078
2022-03-13 21:00:00,0.11132,0.11132,0.11123,0.11123,-0.00009000000000000674
2022-03-13 22:00:00,0.11123,0.11123,0.11078,0.11105,-0.0001799999999999996
2022-03-13 23:00:00,0.11105,0.12145,0.11105,0.11599,0.00494
2022-03-14 00:00:00,0.11599,0.116,0.11399,0.11409,-0.001899999999999999
2022-03-14 01:00:00,0.11409,0.11419,0.11409,0.11418,0.00009000000000000674
2022-03-14 02:00:00,0.11418,0.1152,0.11418,0.1152,0.0010199999999999931
2022-03-14 03:00:00,0.1152,0.11537,0.11476,0.11476,-0.00043999999999999595
2022-03-14 04:00:00,0.11476,0.11631,0.11476,0.11631,0.0015499999999999958
2022-03-14 05:00:00,0.11631,0.11631,0.1151,0.11531,-0.0010000000000000009
2022-03-14 06:00:00,0.11531,0.11538,0.11467,0.11467,-0.0006400000000000017
2022-03-14 07:00:00,0.11467,0.11467,0.1146,0.11465,-0.000019999999999992246
2022-03-14 08:00:00,0.11465,0.11501,0.11382,0.11417,-0.0004800000000000082
2022-03-14 09:00:00,0.11417,0.11479,0.11379,0.11379,-0.00037999999999999146
2022-03-14 10:00:00,0.11379,0.11379,0.11306,0.11316,-0.0006300000000000056
2022-03-14 11:00:00,0.11316,0.11331,0.11199,0.11284,-0.00032000000000000084
2022-03-14 12:00:00,0.11284,0.11284,0.11213,0.11213,-0.0007100000000000023
2022-03-14 13:00:00,0.11213,0.11263,0.11158,0.11206,-0.00006999999999998674
2022-03-14 14:00:00,0.11206,0.11206,0.11206,0.11206,0
2022-03-14 15:00:00,0.11206,0.11225,0.11193,0.11193,-0.0001300000000000051
2022-03-14 16:00:00,0.11193,0.11237,0.11193,0.11237,0.00043999999999999595
2022-03-14 17:00:00,0.11237,0.11378,0.11237,0.11378,0.0014100000000000085
2022-03-14 18:00:00,0.11378,0.11433,0.11375,0.11375,-0.000030000000000002247
2022-03-14 19:00:00,0.11375,0.11375,0.11343,0.11343,-0.00032000000000000084
2022-03-14 20:00:00,0.11343,0.11343,0.11186,0.11241,-0.001020000000000007
2022-03-14 21:00:00,0.11241,0.11325,0.11236,0.1131,0.00069000000000001
2022-03-14 22:00:00,0.1131,0.1131,0.11244,0.11244,-0.0006600000000000078
2022-03-14 23:00:00,0.11244,0.11276,0.11232,0.1127,0.00025999999999999635
2022-03-15 00:00:00,0.1127,0.1127,0.11207,0.1123,-0.0003999999999999976
2022-03-15 01:00:00,0.1123,0.11281,0.11219,0.11281,0.0005099999999999966
2022-03-15 02:00:00,0.11281,0.11281,0.1103,0.11122,-0.0015899999999999942
2022-03-15 03:00:00,0.11122,0.11145,0.11122,0.11145,0.0002299999999999941
2022-03-15 04:00:00,0.11145,0.11178,0.11145,0.11178,0.00033000000000001084
2022-03-15 05:00:00,0.11178,0.11178,0.11145,0.11158,-0.00020000000000000573
2022-03-15 06:00:00,0.11158,0.11227,0.11158,0.11227,0.0006899999999999962
2022-03-15 07:00:00,0.11227,0.11227,0.11182,0.11182,-0.0004499999999999921
2022-03-15 08:00:00,0.11182,0.11242,0.11115,0.11154,-0.00028000000000000247
2022-03-15 09:00:00,0.11154,0.11273,0.11154,0.11209,0.0005499999999999949
2022-03-15 10:00:00,0.11209,0.11272,0.11209,0.11218,0.00009000000000000674
2022-03-15 11:00:00,0.11218,0.1129,0.11212,0.11252,0.0003399999999999931
2022-03-15 12:00:00,0.11252,0.11298,0.11252,0.11298,0.0004600000000000021
2022-03-15 13:00:00,0.11298,0.11384,0.1129,0.11384,0.0008599999999999997
2022-03-15 14:00:00,0.11384,0.114,0.11288,0.11291,-0.0009300000000000003
2022-03-15 15:00:00,0.11291,0.11309,0.11267,0.11267,-0.00023999999999999022
2022-03-15 16:00:00,0.11267,0.11281,0.11267,0.11281,0.00013999999999998736
2022-03-15 17:00:00,0.11281,0.11356,0.11281,0.11324,0.0004299999999999998
2022-03-15 18:00:00,0.11324,0.11324,0.11245,0.11316,-0.00007999999999999674
2022-03-15 19:00:00,0.11316,0.11316,0.11223,0.11279,-0.00036999999999999533
2022-03-15 20:00:00,0.11279,0.1137,0.11276,0.11357,0.0007800000000000029
2022-03-15 21:00:00,0.11357,0.11592,0.11357,0.11451,0.0009399999999999964
2022-03-15 22:00:00,0.11451,0.11451,0.1125,0.1125,-0.002009999999999998
2022-03-15 23:00:00,0.1125,0.11256,0.1125,0.11256,0.000059999999999990616
2022-03-16 00:00:00,0.11256,0.11263,0.11256,0.11263,0.00007000000000000062
2022-03-16 01:00:00,0.11263,0.11326,0.11263,0.11326,0.0006300000000000056
2022-03-16 02:00:00,0.11326,0.11351,0.11313,0.11351,0.0002500000000000002
2022-03-16 03:00:00,0.11351,0.11466,0.11351,0.11435,0.0008399999999999935
2022-03-16 04:00:00,0.11435,0.11482,0.1142,0.1142,-0.00014999999999999736
2022-03-16 05:00:00,0.1142,0.11481,0.11404,0.11404,-0.00015999999999999348
2022-03-16 06:00:00,0.11404,0.11404,0.11388,0.11388,-0.00016000000000000736
2022-03-16 07:00:00,0.11388,0.11396,0.1138,0.11392,0.00003999999999999837
2022-03-16 08:00:00,0.11392,0.11402,0.11325,0.11394,0.000020000000000006124
2022-03-16 09:00:00,0.11394,0.11595,0.11389,0.11466,0.0007199999999999984
2022-03-16 10:00:00,0.11466,0.11492,0.11447,0.11477,0.00010999999999999899
2022-03-16 11:00:00,0.11477,0.11485,0.11391,0.11421,-0.0005599999999999911
2022-03-16 12:00:00,0.11421,0.11462,0.1138,0.11462,0.0004099999999999937
2022-03-16 13:00:00,0.11462,0.11462,0.11248,0.11374,-0.0008800000000000058
2022-03-16 14:00:00,0.11374,0.116,0.11374,0.11577,0.002030000000000004
2022-03-16 15:00:00,0.1158,0.11684,0.1158,0.11684,0.0010700000000000015
2022-03-16 16:00:00,0.11684,0.11684,0.11595,0.11649,-0.0003500000000000031
2022-03-16 17:00:00,0.11649,0.11649,0.11587,0.11587,-0.0006199999999999956
2022-03-16 18:00:00,0.11587,0.11715,0.11587,0.11688,0.001009999999999997
2022-03-16 19:00:00,0.11688,0.11724,0.11638,0.11721,0.00032999999999999696
2022-03-16 20:00:00,0.11727,0.11753,0.11655,0.11753,0.00032000000000000084
2022-03-16 21:00:00,0.11753,0.11758,0.11697,0.11715,-0.00037999999999999146
2022-03-16 22:00:00,0.11715,0.11725,0.11693,0.11693,-0.00021999999999999797
2022-03-16 23:00:00,0.11693,0.11922,0.11665,0.11816,0.001229999999999995
2022-03-17 00:00:00,0.11816,0.11848,0.11809,0.11823,0.00007000000000000062
2022-03-17 01:00:00,0.11823,0.11823,0.11651,0.11651,-0.0017199999999999993
2022-03-17 02:00:00,0.11651,0.11722,0.11651,0.11722,0.0007100000000000023
2022-03-17 03:00:00,0.11722,0.11762,0.11722,0.11738,0.00015999999999999348
2022-03-17 04:00:00,0.11738,0.11758,0.11706,0.11716,-0.00021999999999999797
2022-03-17 05:00:00,0.11716,0.11716,0.116,0.11682,-0.00034000000000000696
2022-03-17 06:00:00,0.11682,0.11682,0.11671,0.11671,-0.00010999999999999899
2022-03-17 07:00:00,0.11671,0.11784,0.11671,0.11747,0.0007600000000000107
2022-03-17 08:00:00,0.11747,0.11754,0.11727,0.11727,-0.00020000000000000573
2022-03-17 09:00:00,0.11727,0.1178,0.11727,0.11731,0.00003999999999999837
2022-03-17 10:00:00,0.11731,0.11762,0.11723,0.11753,0.00021999999999999797
2022-03-17 11:00:00,0.11753,0.11753,0.11708,0.11708,-0.0004499999999999921
2022-03-17 12:00:00,0.11708,0.11708,0.11632,0.11706,-0.000020000000000006124
2022-03-17 13:00:00,0.11706,0.11706,0.11663,0.11663,-0.0004299999999999998
2022-03-17 14:00:00,0.11663,0.11699,0.11656,0.11699,0.0003599999999999992
2022-03-17 15:00:00,0.11699,0.11699,0.11607,0.11619,-0.0007999999999999952
2022-03-17 16:00:00,0.11619,0.11703,0.11619,0.11703,0.0008399999999999935
2022-03-17 17:00:00,0.11713,0.11713,0.11675,0.11694,-0.00008999999999999286
2022-03-17 18:00:00,0.11694,0.11694,0.11664,0.11664,-0.0003000000000000086
2022-03-17 19:00:00,0.11664,0.11664,0.11483,0.11489,-0.0017499999999999877
2022-03-17 20:00:00,0.11489,0.11567,0.11489,0.11567,0.000779999999999989
2022-03-17 21:00:00,0.11567,0.11567,0.11525,0.11525,-0.0004199999999999898
2022-03-17 22:00:00,0.11525,0.11534,0.1149,0.1149,-0.0003500000000000031
2022-03-17 23:00:00,0.1149,0.11553,0.1149,0.11553,0.0006299999999999917
2022-03-18 00:00:00,0.11553,0.11561,0.11553,0.11561,0.00008000000000001062
2022-03-18 01:00:00,0.11561,0.11602,0.11561,0.11602,0.0004099999999999937
2022-03-18 02:00:00,0.11602,0.11602,0.11489,0.11489,-0.0011299999999999921
2022-03-18 03:00:00,0.11489,0.11489,0.11453,0.11453,-0.0003599999999999992
2022-03-18 04:00:00,0.11453,0.11488,0.11453,0.11488,0.0003499999999999892
2022-03-18 05:00:00,0.11488,0.11519,0.11447,0.11447,-0.0004099999999999937
2022-03-18 06:00:00,0.11447,0.11455,0.11437,0.11455,0.00007999999999999674
2022-03-18 07:00:00,0.11455,0.11476,0.11455,0.11471,0.00016000000000000736
2022-03-18 08:00:00,0.11471,0.11538,0.11471,0.11537,0.0006599999999999939
2022-03-18 09:00:00,0.11537,0.11584,0.11527,0.11527,-0.00010000000000000286
2022-03-18 10:00:00,0.11527,0.11601,0.11527,0.11601,0.0007400000000000045
2022-03-18 11:00:00,0.11615,0.11756,0.11605,0.11756,0.0015499999999999958
2022-03-18 12:00:00,0.11756,0.11775,0.11737,0.11737,-0.00018999999999999573
2022-03-18 13:00:00,0.11737,0.11776,0.11737,0.11761,0.0002400000000000041
2022-03-18 14:00:00,0.11761,0.11933,0.11761,0.11889,0.0012799999999999895
2022-03-18 15:00:00,0.11889,0.11946,0.1183,0.11885,-0.00003999999999999837
2022-03-18 16:00:00,0.11885,0.11885,0.11845,0.11845,-0.0003999999999999976
2022-03-18 17:00:00,0.11845,0.11874,0.11839,0.11839,-0.000060000000000004494
2022-03-18 18:00:00,0.11839,0.11956,0.11839,0.11956,0.0011700000000000044
2022-03-18 19:00:00,0.11956,0.12039,0.11937,0.12,0.00043999999999999595
2022-03-18 20:00:00,0.12,0.12,0.11933,0.11933,-0.00066999999999999
2022-03-18 21:00:00,0.11933,0.11933,0.11869,0.11894,-0.00039000000000000146
2022-03-18 22:00:00,0.11894,0.11896,0.11845,0.11845,-0.0004900000000000043
2022-03-18 23:00:00,0.11845,0.11932,0.11845,0.11932,0.0008699999999999958
2022-03-19 00:00:00,0.11932,0.11932,0.11915,0.11915,-0.0001699999999999896
2022-03-19 01:00:00,0.11915,0.11928,0.11891,0.11891,-0.0002400000000000041
2022-03-19 02:00:00,0.11891,0.11949,0.11891,0.11949,0.0005799999999999972
2022-03-19 03:00:00,0.11949,0.11964,0.11949,0.11964,0.00014999999999999736
2022-03-19 04:00:00,0.11964,0.12244,0.11964,0.12112,0.001480000000000009
2022-03-19 05:00:00,0.12112,0.12115,0.12108,0.12108,-0.00004000000000001225
2022-03-19 06:00:00,0.12108,0.122,0.12108,0.12177,0.00069000000000001
2022-03-19 07:00:00,0.12177,0.12398,0.12177,0.12373,0.0019600000000000034
2022-03-19 08:00:00,0.12373,0.12373,0.12164,0.12215,-0.001580000000000012
2022-03-19 09:00:00,0.12215,0.12485,0.12215,0.12485,0.002700000000000008
2022-03-19 10:00:00,0.12485,0.12502,0.12366,0.12426,-0.0005900000000000072
2022-03-19 11:00:00,0.12432,0.12442,0.1234,0.12412,-0.00014000000000000123
2022-03-19 12:00:00,0.12412,0.12412,0.1228,0.12315,-0.0009699999999999986
2022-03-19 13:00:00,0.12315,0.12315,0.1226,0.12315,0
2022-03-19 14:00:00,0.12315,0.12315,0.12315,0.12315,0
2022-03-19 15:00:00,0.12315,0.12362,0.12235,0.12362,0.0004699999999999982
2022-03-19 16:00:00,0.12362,0.12427,0.12327,0.12327,-0.0003499999999999892
2022-03-19 17:00:00,0.12327,0.12335,0.12181,0.12335,0.00007999999999999674
2022-03-19 18:00:00,0.12335,0.12415,0.12335,0.12367,0.00032000000000000084
2022-03-19 19:00:00,0.12367,0.12368,0.12227,0.12239,-0.0012800000000000034
2022-03-19 20:00:00,0.12239,0.12302,0.12205,0.12302,0.0006300000000000056
2022-03-19 21:00:00,0.12302,0.12315,0.12188,0.12215,-0.0008700000000000097
2022-03-19 22:00:00,0.12215,0.12267,0.12215,0.12267,0.0005200000000000066
2022-03-19 23:00:00,0.12267,0.12267,0.12235,0.12235,-0.00032000000000000084
2022-03-20 00:00:00,0.12235,0.12265,0.12209,0.12265,0.0002999999999999947
2022-03-20 01:00:00,0.12265,0.12268,0.12265,0.12268,0.000030000000000002247
2022-03-20 02:00:00,0.12268,0.12268,0.12247,0.12247,-0.00021000000000000185
2022-03-20 03:00:00,0.12247,0.12257,0.12235,0.12254,0.00007000000000000062
2022-03-20 04:00:00,0.12254,0.12254,0.12046,0.12046,-0.0020799999999999985
2022-03-20 05:00:00,0.12046,0.12127,0.12046,0.12127,0.0008100000000000052
2022-03-20 06:00:00,0.12127,0.12144,0.12029,0.12029,-0.0009800000000000086
2022-03-20 07:00:00,0.12029,0.12029,0.11895,0.11986,-0.0004299999999999998
2022-03-20 08:00:00,0.11986,0.11986,0.11922,0.11924,-0.0006199999999999956
2022-03-20 09:00:00,0.11924,0.11951,0.11877,0.11877,-0.0004699999999999982
2022-03-20 10:00:00,0.11877,0.11877,0.11877,0.11877,0
2022-03-20 11:00:00,0.11877,0.11963,0.11862,0.11893,0.00015999999999999348
2022-03-20 12:00:00,0.11893,0.11893,0.11761,0.11782,-0.0011099999999999999
2022-03-20 13:00:00,0.11782,0.11855,0.11782,0.11855,0.0007300000000000084
2022-03-20 14:00:00,0.11855,0.1192,0.11847,0.1192,0.0006499999999999978
2022-03-20 15:00:00,0.1192,0.11972,0.11895,0.11898,-0.00021999999999999797
2022-03-20 16:00:00,0.11898,0.11949,0.11889,0.11949,0.0005099999999999966
2022-03-20 17:00:00,0.11949,0.1195,0.11923,0.11941,-0.00007999999999999674
2022-03-20 18:00:00,0.11941,0.11941,0.11916,0.11921,-0.00020000000000000573
2022-03-20 19:00:00,0.11921,0.12039,0.11921,0.12034,0.001130000000000006
2022-03-20 20:00:00,0.12034,0.12076,0.12034,0.12044,0.00010000000000000286
2022-03-20 21:00:00,0.12044,0.12044,0.11779,0.11862,-0.0018200000000000022
2022-03-20 22:00:00,0.11862,0.11972,0.11862,0.11972,0.0010999999999999899
2022-03-20 23:00:00,0.11972,0.11987,0.11951,0.11987,0.00015000000000001124
2022-03-21 00:00:00,0.11987,0.12073,0.11974,0.12066,0.000789999999999999
2022-03-21 01:00:00,0.12066,0.12107,0.12016,0.12016,-0.0005000000000000004
2022-03-21 02:00:00,0.12016,0.12016,0.12016,0.12016,0
2022-03-21 03:00:00,0.12016,0.1205,0.12016,0.1205,0.0003399999999999931
2022-03-21 04:00:00,0.1205,0.1205,0.1205,0.1205,0
2022-03-21 05:00:00,0.1205,0.12078,0.1205,0.12059,0.00009000000000000674
2022-03-21 06:00:00,0.12059,0.12158,0.12057,0.12137,0.0007800000000000029
2022-03-21 07:00:00,0.12137,0.12137,0.11931,0.11931,-0.0020600000000000063
2022-03-21 08:00:00,0.11931,0.12027,0.11931,0.11966,0.0003500000000000031
2022-03-21 09:00:00,0.11929,0.11929,0.11829,0.11921,-0.00045000000000000595
2022-03-21 10:00:00,0.11921,0.11954,0.11878,0.11938,0.00017000000000000348
2022-03-21 11:00:00,0.11938,0.11938,0.11864,0.11864,-0.0007400000000000045
2022-03-21 12:00:00,0.11864,0.11919,0.11816,0.11919,0.0005500000000000088
2022-03-21 13:00:00,0.11919,0.11949,0.11911,0.11914,-0.00005000000000000837
2022-03-21 14:00:00,0.11914,0.11943,0.11888,0.11916,0.000020000000000006124
2022-03-21 15:00:00,0.11916,0.1198,0.11916,0.11959,0.0004299999999999998
2022-03-21 16:00:00,0.11959,0.1198,0.11955,0.1198,0.00021000000000000185
2022-03-21 17:00:00,0.1198,0.1198,0.1194,0.11957,-0.00023000000000000798
2022-03-21 18:00:00,0.11957,0.11957,0.11902,0.11932,-0.0002500000000000002
2022-03-21 19:00:00,0.11932,0.11932,0.11872,0.11926,-0.000059999999999990616
2022-03-21 20:00:00,0.11926,0.12004,0.11926,0.12004,0.000779999999999989
2022-03-21 21:00:00,0.12004,0.12124,0.1196,0.12094,0.0009000000000000119
2022-03-21 22:00:00,0.12094,0.12243,0.12094,0.12228,0.001339999999999994
2022-03-21 23:00:00,0.12228,0.12349,0.1222,0.12264,0.0003599999999999992
2022-03-22 00:00:00,0.12264,0.123,0.12253,0.12253,-0.00010999999999999899
2022-03-22 01:00:00,0.12253,0.12255,0.12194,0.12255,0.000020000000000006124
2022-03-22 02:00:00,0.12255,0.12269,0.12225,0.1226,0.00004999999999999449
2022-03-22 03:00:00,0.1226,0.12448,0.12242,0.12401,0.0014099999999999946
2022-03-22 04:00:00,0.12401,0.12401,0.12384,0.124,-0.000009999999999996123
2022-03-22 05:00:00,0.12422,0.1244,0.12368,0.1244,0.0003999999999999976
2022-03-22 06:00:00,0.1244,0.1244,0.1238,0.1238,-0.0006000000000000033
2022-03-22 07:00:00,0.1238,0.1238,0.1235,0.1235,-0.0002999999999999947
2022-03-22 08:00:00,0.1235,0.12372,0.12344,0.12345,-0.00004999999999999449
2022-03-22 09:00:00,0.12345,0.12563,0.12345,0.1239,0.0004499999999999921
2022-03-22 10:00:00,0.1239,0.12421,0.12323,0.12323,-0.00066999999999999
2022-03-22 11:00:00,0.12323,0.12347,0.12278,0.1228,-0.0004299999999999998
2022-03-22 12:00:00,0.1228,0.12337,0.1228,0.1233,0.0005000000000000004
2022-03-22 13:00:00,0.1233,0.12344,0.12299,0.12299,-0.0003100000000000047
2022-03-22 14:00:00,0.12299,0.12359,0.12227,0.12227,-0.0007199999999999984
2022-03-22 15:00:00,0.12227,0.12308,0.1222,0.12308,0.0008099999999999913
2022-03-22 16:00:00,0.12308,0.12359,0.12298,0.12337,0.0002899999999999986
2022-03-22 17:00:00,0.12337,0.12337,0.12218,0.12264,-0.0007299999999999945
2022-03-22 18:00:00,0.12264,0.12308,0.12209,0.12209,-0.0005499999999999949
2022-03-22 19:00:00,0.12209,0.12279,0.12209,0.12279,0.0006999999999999923
2022-03-22 20:00:00,0.12279,0.12279,0.1213,0.1213,-0.0014899999999999913
2022-03-22 21:00:00,0.1213,0.12297,0.1213,0.12284,0.0015399999999999997
2022-03-22 22:00:00,0.12284,0.12296,0.12187,0.12187,-0.0009699999999999986
2022-03-22 23:00:00,0.12187,0.12206,0.12117,0.12117,-0.0007000000000000062
2022-03-23 00:00:00,0.12117,0.12184,0.12117,0.12172,0.0005499999999999949
2022-03-23 01:00:00,0.12172,0.12187,0.12172,0.12187,0.00015000000000001124
2022-03-23 02:00:00,0.12187,0.12204,0.1217,0.12177,-0.00010000000000000286
2022-03-23 03:00:00,0.12177,0.12262,0.12161,0.12262,0.0008500000000000035
2022-03-23 04:00:00,0.12262,0.12262,0.12195,0.12195,-0.0006700000000000039
2022-03-23 05:00:00,0.12195,0.12259,0.12195,0.12259,0.0006400000000000017
2022-03-23 06:00:00,0.12259,0.12259,0.1225,0.1225,-0.00009000000000000674
2022-03-23 07:00:00,0.1225,0.1225,0.12213,0.12239,-0.00010999999999999899
2022-03-23 08:00:00,0.12239,0.12271,0.12191,0.12191,-0.0004799999999999943
2022-03-23 09:00:00,0.12191,0.12328,0.12191,0.12328,0.0013699999999999962
2022-03-23 10:00:00,0.12346,0.1259,0.12346,0.12555,0.0022699999999999942
2022-03-23 11:00:00,0.12555,0.13125,0.12529,0.13111,0.005560000000000009
2022-03-23 12:00:00,0.13111,0.13113,0.12692,0.12783,-0.003280000000000005
2022-03-23 13:00:00,0.12783,0.12955,0.12705,0.12705,-0.0007800000000000029
2022-03-23 14:00:00,0.12695,0.12811,0.12695,0.1273,0.0002500000000000002
2022-03-23 15:00:00,0.1273,0.12854,0.1273,0.12854,0.0012399999999999911
2022-03-23 16:00:00,0.12854,0.12918,0.12783,0.12831,-0.00022999999999998022
2022-03-23 17:00:00,0.12831,0.12991,0.12776,0.12966,0.00134999999999999
2022-03-23 18:00:00,0.12966,0.12966,0.12902,0.12949,-0.00017000000000000348
2022-03-23 19:00:00,0.12949,0.13028,0.12776,0.13028,0.0007900000000000129
2022-03-23 20:00:00,0.13028,0.13464,0.13028,0.13157,0.0012899999999999856
2022-03-23 21:00:00,0.13157,0.13686,0.13157,0.13599,0.004420000000000007
2022-03-23 22:00:00,0.13599,0.1383,0.13563,0.13659,0.0005999999999999894
2022-03-23 23:00:00,0.13659,0.13659,0.13462,0.13566,-0.0009299999999999864
2022-03-24 00:00:00,0.13566,0.13666,0.13552,0.13634,0.0006799999999999862
2022-03-24 01:00:00,0.13634,0.13665,0.13519,0.136,-0.0003399999999999792
2022-03-24 02:00:00,0.136,0.13653,0.136,0.13608,0.00007999999999999674
2022-03-24 03:00:00,0.13608,0.13992,0.13576,0.13863,0.0025499999999999967
2022-03-24 04:00:00,0.13863,0.141,0.13607,0.1409,0.0022699999999999942
2022-03-24 05:00:00,0.1409,0.1412,0.13887,0.13931,-0.001590000000000008
2022-03-24 06:00:00,0.13931,0.1394,0.13789,0.13809,-0.0012199999999999989
2022-03-24 07:00:00,0.13809,0.13823,0.13459,0.13459,-0.003500000000000003
2022-03-24 08:00:00,0.13511,0.13532,0.13284,0.13489,0.00030000000000002247
2022-03-24 09:00:00,0.13489,0.13609,0.13432,0.13609,0.0011999999999999789
2022-03-24 10:00:00,0.13609,0.13711,0.13556,0.13678,0.0006900000000000239
2022-03-24 11:00:00,0.13678,0.13678,0.13475,0.13598,-0.0008000000000000229
2022-03-24 12:00:00,0.13598,0.13705,0.13563,0.13563,-0.0003499999999999892
2022-03-24 13:00:00,0.13563,0.1359,0.13522,0.1358,0.00017000000000000348
2022-03-24 14:00:00,0.1358,0.13835,0.1358,0.13701,0.0012099999999999889
2022-03-24 15:00:00,0.13701,0.13701,0.13637,0.13658,-0.00042999999999998595
2022-03-24 16:00:00,0.13658,0.13717,0.13658,0.13714,0.0005600000000000049
2022-03-24 17:00:00,0.13714,0.13747,0.13713,0.13724,0.00009999999999998899
2022-03-24 18:00:00,0.13724,0.13724,0.1362,0.13649,-0.0007500000000000007
2022-03-24 19:00:00,0.13649,0.13649,0.13468,0.13514,-0.00134999999999999
2022-03-24 20:00:00,0.13514,0.136,0.13514,0.136,0.0008599999999999997
2022-03-24 21:00:00,0.136,0.13683,0.136,0.13606,0.00005999999999997674
2022-03-24 22:00:00,0.13606,0.13606,0.13523,0.13523,-0.0008299999999999974
2022-03-24 23:00:00,0.13523,0.13586,0.13523,0.13586,0.0006300000000000194
2022-03-25 00:00:00,0.13586,0.13649,0.13575,0.13575,-0.00010999999999999899
2022-03-25 01:00:00,0.13575,0.13591,0.13575,0.13591,0.00015999999999999348
2022-03-25 02:00:00,0.13591,0.13591,0.13455,0.13455,-0.00136
2022-03-25 03:00:00,0.13455,0.13455,0.13231,0.13421,-0.00034000000000000696
2022-03-25 04:00:00,0.13421,0.13513,0.13421,0.13513,0.0009200000000000041
2022-03-25 05:00:00,0.13513,0.1356,0.13482,0.13512,-0.000010000000000010001
2022-03-25 06:00:00,0.13512,0.13633,0.13504,0.13604,0.0009200000000000041
2022-03-25 07:00:00,0.13604,0.13731,0.13534,0.13706,0.0010199999999999931
2022-03-25 08:00:00,0.13649,0.13659,0.13561,0.13583,-0.0012299999999999811
2022-03-25 09:00:00,0.13583,0.13648,0.13515,0.13515,-0.0006800000000000139
2022-03-25 10:00:00,0.13515,0.13515,0.1316,0.1316,-0.0035499999999999976
2022-03-25 11:00:00,0.1316,0.13257,0.13043,0.13089,-0.0007099999999999884
2022-03-25 12:00:00,0.13089,0.13089,0.12676,0.12952,-0.00137000000000001
2022-03-25 13:00:00,0.12952,0.1316,0.12952,0.13158,0.0020600000000000063
2022-03-25 14:00:00,0.13158,0.13158,0.13094,0.13094,-0.0006400000000000017
2022-03-25 15:00:00,0.13094,0.13181,0.13094,0.13181,0.0008700000000000097
2022-03-25 16:00:00,0.13181,0.13182,0.1311,0.13182,0.000009999999999982245
2022-03-25 17:00:00,0.13182,0.13182,0.13075,0.13075,-0.0010699999999999876
2022-03-25 18:00:00,0.13075,0.131,0.13039,0.131,0.0002500000000000002
2022-03-25 19:00:00,0.131,0.131,0.13076,0.1309,-0.00010000000000001674
2022-03-25 20:00:00,0.1309,0.132,0.13054,0.132,0.0011000000000000176
2022-03-25 21:00:00,0.132,0.132,0.13113,0.13113,-0.0008700000000000097
2022-03-25 22:00:00,0.13113,0.13155,0.131,0.13118,0.00004999999999999449
2022-03-25 23:00:00,0.13118,0.13167,0.13118,0.13167,0.0004900000000000182
2022-03-26 00:00:00,0.13167,0.1328,0.13154,0.13252,0.0008499999999999897
2022-03-26 01:00:00,0.13252,0.13367,0.13252,0.13303,0.0005100000000000104
2022-03-26 02:00:00,0.13303,0.13361,0.13241,0.13337,0.0003399999999999792
2022-03-26 03:00:00,0.13337,0.13342,0.13273,0.13307,-0.0002999999999999947
2022-03-26 04:00:00,0.13307,0.13332,0.13282,0.13282,-0.0002500000000000002
2022-03-26 05:00:00,0.13282,0.13445,0.13263,0.13445,0.0016299999999999926
2022-03-26 06:00:00,0.13445,0.13445,0.1334,0.1334,-0.0010499999999999954
2022-03-26 07:00:00,0.1334,0.1334,0.13175,0.13252,-0.0008799999999999919
2022-03-26 08:00:00,0.13252,0.133,0.13252,0.13272,0.00020000000000000573
2022-03-26 09:00:00,0.13272,0.13283,0.13226,0.13226,-0.00046000000000001595
2022-03-26 10:00:00,0.13226,0.13237,0.13226,0.13237,0.00010999999999999899
2022-03-26 11:00:00,0.13237,0.13298,0.13221,0.13298,0.0006099999999999994
2022-03-26 12:00:00,0.13298,0.1339,0.13298,0.1334,0.0004200000000000037
2022-03-26 13:00:00,0.1334,0.13587,0.1334,0.13585,0.0024500000000000077
2022-03-26 14:00:00,0.13585,0.13682,0.13468,0.13513,-0.0007199999999999984
2022-03-26 15:00:00,0.13513,0.13583,0.13513,0.13547,0.00034000000000000696
2022-03-26 16:00:00,0.13547,0.13547,0.13481,0.13511,-0.0003599999999999992
2022-03-26 17:00:00,0.13511,0.13531,0.13505,0.13505,-0.000060000000000004494
2022-03-26 18:00:00,0.13505,0.13636,0.13505,0.13636,0.0013100000000000056
2022-03-26 19:00:00,0.13636,0.13888,0.13552,0.13888,0.0025199999999999945
2022-03-26 20:00:00,0.13888,0.13893,0.13758,0.13858,-0.0002999999999999947
2022-03-26 21:00:00,0.13858,0.13858,0.13709,0.13709,-0.001490000000000019
2022-03-26 22:00:00,0.13709,0.14203,0.13709,0.14107,0.003980000000000011
2022-03-26 23:00:00,0.14107,0.14318,0.14016,0.14142,0.0003499999999999892
2022-03-27 00:00:00,0.14142,0.14188,0.13977,0.14039,-0.0010300000000000031
2022-03-27 01:00:00,0.14039,0.14064,0.13966,0.14007,-0.00031999999999998696
2022-03-27 02:00:00,0.14007,0.14039,0.13985,0.14039,0.00031999999999998696
2022-03-27 03:00:00,0.14039,0.14265,0.14003,0.14169,0.0013000000000000234
2022-03-27 04:00:00,0.14169,0.14265,0.14089,0.14105,-0.0006400000000000017
2022-03-27 05:00:00,0.14105,0.14105,0.13989,0.14048,-0.0005700000000000149
2022-03-27 06:00:00,0.14048,0.14048,0.13874,0.1398,-0.0006799999999999862
2022-03-27 07:00:00,0.1398,0.14,0.13659,0.13659,-0.0032100000000000184
2022-03-27 08:00:00,0.13659,0.13745,0.1364,0.13745,0.0008599999999999997
2022-03-27 09:00:00,0.13745,0.13878,0.13745,0.13867,0.0012199999999999989
2022-03-27 10:00:00,0.13867,0.13948,0.13818,0.13931,0.0006400000000000017
2022-03-27 11:00:00,0.13931,0.14359,0.13931,0.14211,0.002799999999999997
2022-03-27 12:00:00,0.14211,0.14211,0.13996,0.14056,-0.0015499999999999958
2022-03-27 13:00:00,0.14056,0.14116,0.1405,0.14072,0.00016000000000002124
2022-03-27 14:00:00,0.14072,0.14072,0.14014,0.14047,-0.0002500000000000002
2022-03-27 15:00:00,0.14047,0.14399,0.1387,0.14399,0.0035199999999999954
2022-03-27 16:00:00,0.14399,0.1449,0.142,0.14372,-0.0002700000000000202
2022-03-27 17:00:00,0.14372,0.14372,0.1431,0.1433,-0.00041999999999997595
2022-03-27 18:00:00,0.1433,0.14549,0.14278,0.14391,0.0006099999999999994
2022-03-27 19:00:00,0.14391,0.14594,0.14333,0.14484,0.0009299999999999864
2022-03-27 20:00:00,0.14484,0.14703,0.14483,0.14506,0.00021999999999999797
2022-03-27 21:00:00,0.14506,0.14863,0.14506,0.14808,0.003019999999999995
2022-03-27 22:00:00,0.14808,0.15018,0.14808,0.14927,0.0011900000000000244
2022-03-27 23:00:00,0.14927,0.14952,0.14836,0.14903,-0.00024000000000001798
2022-03-28 00:00:00,0.14903,0.1504,0.14903,0.1504,0.00137000000000001
2022-03-28 01:00:00,0.1504,0.1504,0.14786,0.14807,-0.0023299999999999987
2022-03-28 02:00:00,0.14807,0.14987,0.14807,0.14954,0.001469999999999999
2022-03-28 03:00:00,0.14954,0.15087,0.14839,0.15065,0.0011099999999999999
2022-03-28 04:00:00,0.15065,0.15067,0.14992,0.14992,-0.0007300000000000084
2022-03-28 05:00:00,0.14992,0.15056,0.14887,0.14982,-0.00009999999999998899
2022-03-28 06:00:00,0.14982,0.14982,0.14888,0.14974,-0.00007999999999999674
2022-03-28 07:00:00,0.14974,0.14976,0.14816,0.1485,-0.0012400000000000189
2022-03-28 08:00:00,0.1485,0.15295,0.1485,0.1506,0.0021000000000000185
2022-03-28 09:00:00,0.15184,0.15351,0.15061,0.15187,0.0012699999999999934
2022-03-28 10:00:00,0.15187,0.15206,0.14948,0.14958,-0.0022900000000000142
2022-03-28 11:00:00,0.14958,0.15073,0.14858,0.15053,0.0009500000000000064
2022-03-28 12:00:00,0.15053,0.15061,0.1501,0.15061,0.00007999999999999674
2022-03-28 13:00:00,0.15061,0.15152,0.15047,0.15152,0.0009099999999999941
2022-03-28 14:00:00,0.15152,0.15172,0.15058,0.15058,-0.0009399999999999964
2022-03-28 15:00:00,0.15058,0.15099,0.15046,0.15099,0.00041000000000002146
2022-03-28 16:00:00,0.15099,0.15121,0.14621,0.14647,-0.004520000000000024
2022-03-28 17:00:00,0.14647,0.14809,0.14647,0.14743,0.0009600000000000164
2022-03-28 18:00:00,0.14743,0.14743,0.14086,0.14285,-0.004580000000000001
2022-03-28 19:00:00,0.14285,0.14497,0.14274,0.14491,0.0020600000000000063
2022-03-28 20:00:00,0.14491,0.14606,0.14462,0.14572,0.0008099999999999774
2022-03-28 21:00:00,0.14572,0.14624,0.14485,0.14506,-0.0006599999999999939
2022-03-28 22:00:00,0.14506,0.14506,0.14392,0.14472,-0.00034000000000000696
2022-03-28 23:00:00,0.14472,0.14532,0.14369,0.14532,0.0006000000000000172
2022-03-29 00:00:00,0.14532,0.14633,0.14532,0.14624,0.0009200000000000041
2022-03-29 01:00:00,0.14624,0.14692,0.14622,0.14622,-0.000020000000000020002
2022-03-29 02:00:00,0.14622,0.14622,0.14599,0.14614,-0.00007999999999999674
2022-03-29 03:00:00,0.14614,0.14614,0.14614,0.14614,0
2022-03-29 04:00:00,0.14614,0.14614,0.14614,0.14614,0
2022-03-29 05:00:00,0.14614,0.14628,0.14614,0.14628,0.00014000000000000123
2022-03-29 06:00:00,0.14628,0.1475,0.14628,0.1475,0.0012199999999999989
2022-03-29 07:00:00,0.1475,0.14863,0.1475,0.14752,0.000020000000000020002
2022-03-29 08:00:00,0.14752,0.14784,0.1457,0.1457,-0.001820000000000016
2022-03-29 09:00:00,0.1457,0.1468,0.1457,0.1468,0.0011000000000000176
2022-03-29 10:00:00,0.1468,0.14714,0.1431,0.14364,-0.003160000000000024
2022-03-29 11:00:00,0.14364,0.14434,0.1412,0.14432,0.0006800000000000139
2022-03-29 12:00:00,0.14432,0.14522,0.14326,0.14522,0.0008999999999999841
2022-03-29 13:00:00,0.14522,0.14538,0.1443,0.1443,-0.0009199999999999764
2022-03-29 14:00:00,0.1443,0.14607,0.1443,0.14564,0.00133999999999998
2022-03-29 15:00:00,0.14564,0.14578,0.14404,0.14404,-0.0015999999999999903
2022-03-29 16:00:00,0.14404,0.14404,0.14278,0.14322,-0.0008200000000000152
2022-03-29 17:00:00,0.14322,0.14392,0.14235,0.1438,0.0005800000000000249
2022-03-29 18:00:00,0.1438,0.1438,0.14322,0.14322,-0.0005800000000000249
2022-03-29 19:00:00,0.14322,0.14424,0.14192,0.14277,-0.0004499999999999782
2022-03-29 20:00:00,0.14277,0.14288,0.13817,0.13999,-0.0027800000000000047
2022-03-29 21:00:00,0.13999,0.14179,0.13999,0.14171,0.0017199999999999993
2022-03-29 22:00:00,0.14171,0.14171,0.14132,0.14132,-0.00039000000000000146
2022-03-29 23:00:00,0.14132,0.1424,0.14132,0.14145,0.00012999999999999123
2022-03-30 00:00:00,0.14145,0.1428,0.14145,0.1428,0.0013500000000000179
2022-03-30 01:00:00,0.1428,0.14312,0.1428,0.14312,0.00031999999999998696
2022-03-30 02:00:00,0.14312,0.14485,0.14312,0.14433,0.0012100000000000166
2022-03-30 03:00:00,0.14433,0.14433,0.14322,0.1437,-0.0006300000000000194
2022-03-30 04:00:00,0.1437,0.1437,0.14279,0.14279,-0.0009099999999999941
2022-03-30 05:00:00,0.14279,0.14522,0.14279,0.1446,0.001810000000000006
2022-03-30 06:00:00,0.1446,0.1446,0.14364,0.14364,-0.0009600000000000164
2022-03-30 07:00:00,0.14364,0.14385,0.14286,0.14385,0.00021000000000001573
2022-03-30 08:00:00,0.14385,0.14385,0.141,0.1414,-0.0024500000000000077
2022-03-30 09:00:00,0.1414,0.14237,0.14046,0.14237,0.0009699999999999986
2022-03-30 10:00:00,0.14237,0.14237,0.14095,0.14235,-0.000019999999999992246
2022-03-30 11:00:00,0.14235,0.1437,0.14197,0.14346,0.0011099999999999999
2022-03-30 12:00:00,0.14346,0.1444,0.14316,0.1444,0.0009399999999999964
2022-03-30 13:00:00,0.1444,0.14451,0.14355,0.14376,-0.0006400000000000017
2022-03-30 14:00:00,0.14376,0.14376,0.14205,0.14358,-0.00017999999999998573
2022-03-30 15:00:00,0.14358,0.14358,0.14301,0.14339,-0.00019000000000002348
2022-03-30 16:00:00,0.14339,0.14339,0.14282,0.14316,-0.00022999999999998022
2022-03-30 17:00:00,0.14316,0.14337,0.14241,0.14321,0.00004999999999999449
2022-03-30 18:00:00,0.14321,0.1435,0.14321,0.14346,0.0002500000000000002
2022-03-30 19:00:00,0.14346,0.14391,0.14252,0.1436,0.00014000000000000123
2022-03-30 20:00:00,0.1436,0.14528,0.1436,0.14528,0.001679999999999987
2022-03-30 21:00:00,0.14615,0.14615,0.14457,0.1449,-0.00037999999999999146
2022-03-30 22:00:00,0.1449,0.1449,0.1449,0.1449,0
2022-03-30 23:00:00,0.1449,0.14502,0.1445,0.14502,0.00012000000000000899
2022-03-31 00:00:00,0.14502,0.14591,0.14502,0.14549,0.0004699999999999982
2022-03-31 01:00:00,0.14549,0.14731,0.14541,0.14709,0.0015999999999999903
2022-03-31 02:00:00,0.14709,0.14709,0.14571,0.14585,-0.0012399999999999911
2022-03-31 03:00:00,0.14585,0.14785,0.14585,0.1467,0.0008499999999999897
2022-03-31 04:00:00,0.1467,0.14671,0.1465,0.1465,-0.00020000000000000573
2022-03-31 05:00:00,0.1465,0.14703,0.1465,0.14703,0.0005300000000000027
2022-03-31 06:00:00,0.14703,0.14703,0.14501,0.14501,-0.002019999999999994
2022-03-31 07:00:00,0.14501,0.14591,0.14465,0.14552,0.0005100000000000104
2022-03-31 08:00:00,0.14552,0.14583,0.14338,0.14381,-0.001710000000000017
2022-03-31 09:00:00,0.14381,0.14381,0.13912,0.14205,-0.0017599999999999838
2022-03-31 10:00:00,0.14205,0.14231,0.1407,0.1407,-0.0013500000000000179
2022-03-31 11:00:00,0.1407,0.14124,0.1375,0.13795,-0.0027500000000000024
2022-03-31 12:00:00,0.13795,0.13979,0.13762,0.13896,0.0010100000000000109
2022-03-31 13:00:00,0.13896,0.14,0.13789,0.13997,0.0010100000000000109
2022-03-31 14:00:00,0.13997,0.13997,0.1391,0.13918,-0.0007900000000000129
2022-03-31 15:00:00,0.13918,0.13926,0.13825,0.13926,0.00007999999999999674
2022-03-31 16:00:00,0.13926,0.13963,0.1388,0.1388,-0.0004599999999999882
2022-03-31 17:00:00,0.1388,0.13923,0.13845,0.1392,0.0003999999999999837
2022-03-31 18:00:00,0.1392,0.1392,0.13617,0.13728,-0.0019199999999999773
2022-03-31 19:00:00,0.13728,0.13923,0.13728,0.13923,0.0019499999999999795
2022-03-31 20:00:00,0.13923,0.13923,0.13603,0.13603,-0.0031999999999999806
2022-03-31 21:00:00,0.13603,0.137,0.13238,0.13339,-0.0026400000000000035
2022-03-31 22:00:00,0.13339,0.13384,0.13339,0.13354,0.00014999999999998348
2022-03-31 23:00:00,0.13354,0.13537,0.13354,0.13476,0.0012199999999999989
2022-04-01 00:00:00,0.13476,0.13517,0.13472,0.13472,-0.00003999999999998449
2022-04-01 01:00:00,0.13472,0.1353,0.13466,0.13528,0.0005600000000000049
2022-04-01 02:00:00,0.13528,0.13637,0.13528,0.13637,0.0010899999999999799
2022-04-01 03:00:00,0.13637,0.1375,0.13609,0.13609,-0.00028000000000000247
2022-04-01 04:00:00,0.13609,0.13637,0.13607,0.13611,0.000020000000000020002
2022-04-01 05:00:00,0.13611,0.13654,0.13611,0.13654,0.00042999999999998595
2022-04-01 06:00:00,0.13654,0.13664,0.13646,0.13657,0.000030000000000002247
2022-04-01 07:00:00,0.13657,0.13739,0.13531,0.13651,-0.000060000000000004494
2022-04-01 08:00:00,0.13651,0.13793,0.13651,0.13782,0.0013100000000000056
2022-04-01 09:00:00,0.13782,0.13922,0.13782,0.13922,0.0014000000000000123
2022-04-01 10:00:00,0.13922,0.14039,0.13922,0.14012,0.0008999999999999841
2022-04-01 11:00:00,0.14012,0.14036,0.13952,0.14,-0.00011999999999998123
2022-04-01 12:00:00,0.14,0.14091,0.14,0.14091,0.0009099999999999941
2022-04-01 13:00:00,0.14091,0.14091,0.14053,0.14053,-0.0003800000000000192
2022-04-01 14:00:00,0.14053,0.14093,0.1405,0.14093,0.00040000000000001146
2022-04-01 15:00:00,0.14093,0.14122,0.14001,0.14001,-0.0009200000000000041
2022-04-01 16:00:00,0.14001,0.14271,0.14001,0.14203,0.002019999999999994
2022-04-01 17:00:00,0.14203,0.14203,0.14174,0.14174,-0.0002899999999999847
2022-04-01 18:00:00,0.14174,0.14179,0.14113,0.14132,-0.0004200000000000037
2022-04-01 19:00:00,0.14132,0.14361,0.14132,0.14347,0.0021499999999999853
2022-04-01 20:00:00,0.14347,0.14347,0.14234,0.14234,-0.0011299999999999921
2022-04-01 21:00:00,0.14234,0.14288,0.14234,0.14288,0.0005400000000000127
2022-04-01 22:00:00,0.14288,0.14288,0.14288,0.14288,0
2022-04-01 23:00:00,0.14288,0.14354,0.14288,0.14354,0.0006599999999999939
2022-04-02 00:00:00,0.14354,0.14354,0.14354,0.14354,0
2022-04-02 01:00:00,0.14354,0.14354,0.14354,0.14354,0
2022-04-02 02:00:00,0.14354,0.14354,0.14321,0.14331,-0.00023000000000000798
2022-04-02 03:00:00,0.14331,0.14331,0.14331,0.14331,0
2022-04-02 04:00:00,0.14331,0.14333,0.14298,0.14298,-0.00032999999999999696
2022-04-02 05:00:00,0.14298,0.14357,0.14242,0.1435,0.0005199999999999927
2022-04-02 06:00:00,0.1435,0.14391,0.14337,0.14391,0.00041000000000002146
2022-04-02 07:00:00,0.14391,0.14391,0.14202,0.14343,-0.0004800000000000082
2022-04-02 08:00:00,0.14343,0.14383,0.14281,0.14349,0.000060000000000004494
2022-04-02 09:00:00,0.14349,0.14349,0.14253,0.14313,-0.0003599999999999992
2022-04-02 10:00:00,0.14252,0.14252,0.13981,0.13981,-0.0033200000000000174
2022-04-02 11:00:00,0.13981,0.14095,0.13981,0.14095,0.0011400000000000021
2022-04-02 12:00:00,0.14095,0.14132,0.14095,0.14129,0.00034000000000000696
2022-04-02 13:00:00,0.14129,0.14129,0.13834,0.13982,-0.001469999999999999
2022-04-02 14:00:00,0.13982,0.14044,0.13922,0.14032,0.0005000000000000004
2022-04-02 15:00:00,0.14032,0.14067,0.14,0.14067,0.0003499999999999892
2022-04-02 16:00:00,0.14067,0.14067,0.1394,0.1405,-0.00016999999999997573
2022-04-02 17:00:00,0.1405,0.1405,0.14024,0.14036,-0.00014000000000000123
2022-04-02 18:00:00,0.14036,0.14036,0.13881,0.13881,-0.0015500000000000236
2022-04-02 19:00:00,0.13881,0.13991,0.13881,0.13991,0.0011000000000000176
2022-04-02 20:00:00,0.13991,0.13991,0.13652,0.13796,-0.0019500000000000073
2022-04-02 21:00:00,0.13796,0.13831,0.13796,0.13831,0.0003499999999999892
2022-04-02 22:00:00,0.13831,0.13925,0.13831,0.13925,0.0009400000000000241
2022-04-02 23:00:00,0.13925,0.14031,0.13925,0.14031,0.0010599999999999776
2022-04-03 00:00:00,0.14031,0.14031,0.14031,0.14031,0
2022-04-03 01:00:00,0.14031,0.14131,0.14031,0.14123,0.0009200000000000041
2022-04-03 02:00:00,0.14123,0.14133,0.141,0.141,-0.00023000000000000798
2022-04-03 03:00:00,0.141,0.141,0.13998,0.13998,-0.0010199999999999931
2022-04-03 04:00:00,0.13998,0.14084,0.13962,0.14084,0.0008599999999999997
2022-04-03 05:00:00,0.14084,0.14084,0.14007,0.14007,-0.0007699999999999929
2022-04-03 06:00:00,0.14007,0.14007,0.14007,0.14007,0
2022-04-03 07:00:00,0.14007,0.1434,0.14007,0.1429,0.002829999999999999
2022-04-03 08:00:00,0.1429,0.14407,0.14228,0.14407,0.0011700000000000044
2022-04-03 09:00:00,0.14407,0.14952,0.14345,0.14893,0.004860000000000003
2022-04-03 10:00:00,0.14893,0.14893,0.14516,0.14516,-0.0037699999999999956
2022-04-03 11:00:00,0.14516,0.1468,0.14413,0.14577,0.0006099999999999994
2022-04-03 12:00:00,0.14577,0.14639,0.145,0.14513,-0.0006400000000000017
2022-04-03 13:00:00,0.14513,0.1461,0.14513,0.14564,0.0005099999999999827
2022-04-03 14:00:00,0.14564,0.14612,0.14564,0.14564,0
2022-04-03 15:00:00,0.14564,0.14585,0.14553,0.14553,-0.00010999999999999899
2022-04-03 16:00:00,0.14553,0.147,0.14553,0.14647,0.0009399999999999964
2022-04-03 17:00:00,0.14647,0.1488,0.14647,0.14823,0.0017600000000000116
2022-04-03 18:00:00,0.14823,0.14823,0.14557,0.14557,-0.0026599999999999957
2022-04-03 19:00:00,0.14557,0.14592,0.14275,0.14349,-0.0020799999999999985
2022-04-03 20:00:00,0.14349,0.14461,0.14349,0.14378,0.0002899999999999847
2022-04-03 21:00:00,0.14378,0.14517,0.14378,0.14517,0.0013900000000000023
2022-04-03 22:00:00,0.14517,0.14551,0.14458,0.14458,-0.0005900000000000072
2022-04-03 23:00:00,0.14458,0.14506,0.14417,0.14506,0.0004800000000000082
2022-04-04 00:00:00,0.14506,0.14588,0.14502,0.1451,0.00004000000000001225
2022-04-04 01:00:00,0.1451,0.1451,0.14452,0.14487,-0.00023000000000000798
2022-04-04 02:00:00,0.14487,0.14487,0.14387,0.14401,-0.0008599999999999997
2022-04-04 03:00:00,0.14401,0.14437,0.14337,0.14416,0.00015000000000001124
2022-04-04 04:00:00,0.14416,0.14416,0.14218,0.14222,-0.0019399999999999973
2022-04-04 05:00:00,0.14222,0.15068,0.14158,0.15068,0.008459999999999995
2022-04-04 06:00:00,0.15068,0.15646,0.14786,0.15494,0.004259999999999986
2022-04-04 07:00:00,0.15494,0.15515,0.1497,0.15095,-0.0039899999999999936
2022-04-04 08:00:00,0.15095,0.15117,0.14825,0.14984,-0.0011099999999999999
2022-04-04 09:00:00,0.14984,0.15113,0.14825,0.14846,-0.0013799999999999923
2022-04-04 10:00:00,0.14846,0.14884,0.14297,0.14478,-0.0036800000000000166
2022-04-04 11:00:00,0.14478,0.14504,0.14297,0.14492,0.00014000000000000123
2022-04-04 12:00:00,0.14492,0.14551,0.14139,0.1437,-0.0012199999999999989
2022-04-04 13:00:00,0.1437,0.14451,0.14329,0.14451,0.0008100000000000052
2022-04-04 14:00:00,0.14451,0.14511,0.14404,0.14511,0.0005999999999999894
2022-04-04 15:00:00,0.14511,0.14653,0.14439,0.14638,0.0012700000000000211
2022-04-04 16:00:00,0.14638,0.14797,0.14638,0.14797,0.0015899999999999803
2022-04-04 17:00:00,0.14797,0.14965,0.14759,0.14965,0.0016800000000000148
2022-04-04 18:00:00,0.14965,0.15068,0.14825,0.14842,-0.0012300000000000089
2022-04-04 19:00:00,0.14842,0.15251,0.14742,0.1497,0.0012800000000000034
2022-04-04 20:00:00,0.1497,0.15037,0.14908,0.15,0.0002999999999999947
2022-04-04 21:00:00,0.15,0.15251,0.15,0.1508,0.0007999999999999952
2022-04-04 22:00:00,0.1508,0.15124,0.15021,0.15042,-0.00037999999999999146
2022-04-04 23:00:00,0.15042,0.15264,0.14949,0.15259,0.0021700000000000053
2022-04-05 00:00:00,0.15259,0.15479,0.15166,0.15479,0.0022000000000000075
2022-04-05 01:00:00,0.15479,0.15479,0.15159,0.15159,-0.0032000000000000084
2022-04-05 02:00:00,0.15159,0.1532,0.1515,0.15237,0.0007800000000000029
2022-04-05 03:00:00,0.15237,0.15237,0.15054,0.151,-0.00137000000000001
2022-04-05 04:00:00,0.151,0.15126,0.15033,0.15045,-0.0005499999999999949
2022-04-05 05:00:00,0.15045,0.15552,0.14969,0.15427,0.00381999999999999
2022-04-05 06:00:00,0.15427,0.15427,0.15117,0.15117,-0.0030999999999999917
2022-04-05 07:00:00,0.15117,0.15745,0.15117,0.15648,0.005310000000000009
2022-04-05 08:00:00,0.15648,0.15996,0.15444,0.15705,0.0005699999999999872
2022-04-05 09:00:00,0.15705,0.16357,0.15561,0.16237,0.005319999999999991
2022-04-05 10:00:00,0.16239,0.16372,0.15958,0.16195,-0.00041999999999997595
2022-04-05 11:00:00,0.16195,0.17175,0.16008,0.17175,0.009800000000000003
2022-04-05 12:00:00,0.17175,0.1793,0.16859,0.16906,-0.0026900000000000257
2022-04-05 13:00:00,0.16906,0.17248,0.165,0.16634,-0.00272
2022-04-05 14:00:00,0.16663,0.1673,0.16224,0.16547,-0.0008699999999999819
2022-04-05 15:00:00,0.16547,0.16767,0.16338,0.16504,-0.0004300000000000137
2022-04-05 16:00:00,0.166,0.16797,0.16525,0.16753,0.00249000000000002
2022-04-05 17:00:00,0.16753,0.17171,0.16552,0.17059,0.0030599999999999794
2022-04-05 18:00:00,0.17059,0.17413,0.16918,0.17366,0.003070000000000017
2022-04-05 19:00:00,0.17366,0.17366,0.15996,0.16419,-0.009470000000000006
2022-04-05 20:00:00,0.16419,0.16481,0.15838,0.16069,-0.003500000000000003
2022-04-05 21:00:00,0.16069,0.16352,0.16069,0.16307,0.0023799999999999932
2022-04-05 22:00:00,0.16307,0.16307,0.15997,0.16164,-0.0014299999999999868
2022-04-05 23:00:00,0.16164,0.16188,0.15955,0.16188,0.00023999999999999022
2022-04-06 00:00:00,0.16188,0.16367,0.16188,0.16303,0.0011500000000000121
2022-04-06 01:00:00,0.16303,0.16303,0.16085,0.16294,-0.00009000000000000674
2022-04-06 02:00:00,0.16294,0.16641,0.16112,0.16112,-0.0018199999999999883
2022-04-06 03:00:00,0.16112,0.1618,0.16,0.16166,0.0005399999999999849
2022-04-06 04:00:00,0.16166,0.1617,0.15578,0.15578,-0.005879999999999996
2022-04-06 05:00:00,0.15578,0.15649,0.15418,0.15473,-0.0010499999999999954
2022-04-06 06:00:00,0.15473,0.15473,0.15144,0.15405,-0.0006800000000000139
2022-04-06 07:00:00,0.15405,0.15413,0.15258,0.15413,0.00007999999999999674
2022-04-06 08:00:00,0.15413,0.15415,0.1466,0.14863,-0.005499999999999977
2022-04-06 09:00:00,0.14863,0.14964,0.14637,0.1492,0.0005699999999999872
2022-04-06 10:00:00,0.1492,0.15,0.14717,0.14878,-0.0004200000000000037
2022-04-06 11:00:00,0.14878,0.15055,0.14527,0.14679,-0.0019899999999999918
2022-04-06 12:00:00,0.14679,0.149,0.1444,0.149,0.0022099999999999898
2022-04-06 13:00:00,0.149,0.14952,0.14129,0.147,-0.0020000000000000018
2022-04-06 14:00:00,0.147,0.1476,0.14474,0.14713,0.000130000000000019
2022-04-06 15:00:00,0.14713,0.14713,0.14565,0.14565,-0.001480000000000009
2022-04-06 16:00:00,0.14565,0.14653,0.14565,0.14617,0.0005199999999999927
2022-04-06 17:00:00,0.14617,0.14679,0.14318,0.14318,-0.0029899999999999927
2022-04-06 18:00:00,0.14318,0.14499,0.14268,0.14279,-0.00039000000000000146
2022-04-06 19:00:00,0.14279,0.145,0.14021,0.14021,-0.002579999999999999
2022-04-06 20:00:00,0.14021,0.14314,0.14021,0.14314,0.002929999999999988
2022-04-06 21:00:00,0.14314,0.14314,0.14177,0.14236,-0.0007800000000000029
2022-04-06 22:00:00,0.14236,0.14236,0.14168,0.14236,0
2022-04-06 23:00:00,0.14236,0.14457,0.14236,0.14457,0.0022100000000000175
2022-04-07 00:00:00,0.14457,0.14457,0.14346,0.14381,-0.0007600000000000107
2022-04-07 01:00:00,0.14381,0.14381,0.14381,0.14381,0
2022-04-07 02:00:00,0.14381,0.14633,0.14381,0.14626,0.0024500000000000077
2022-04-07 03:00:00,0.14626,0.14772,0.14626,0.14772,0.001459999999999989
2022-04-07 04:00:00,0.14772,0.14772,0.14564,0.14622,-0.0015000000000000013
2022-04-07 05:00:00,0.14622,0.14637,0.14564,0.14564,-0.0005799999999999972
2022-04-07 06:00:00,0.14564,0.14564,0.14564,0.14564,0
Downloaded from Barchart.com as of 04-07-2022 06:05am CDT