"Symbol: GME",,,,,
"Date Time","Open","High","Low","Close","Change"
2021-11-19 11:00:00,211.93,220.6,211.56,217.82,0
2021-11-19 12:00:00,217.8287,218.65,215.39,217.26,-0.5600000000000023
2021-11-19 13:00:00,217.45,222.99,217.1601,222.565,5.305000000000007
2021-11-19 14:00:00,222.4599,229.39,220.48,224.43,1.865000000000009
2021-11-19 15:00:00,224.52,228.8,223.62,228.8,4.3700000000000045
2021-11-22 09:00:00,230.46,244,229.745,235.47,6.6699999999999875
2021-11-22 10:00:00,235.6,246,234.6882,238.05,2.5800000000000125
2021-11-22 11:00:00,238.275,241.4231,233.46,235.6649,-2.3851000000000226
2021-11-22 12:00:00,235.96,242.75,233.42,240.51,4.845100000000002
2021-11-22 13:00:00,240.2796,243.69,239.16,240.54,0.030000000000001137
2021-11-22 14:00:00,240.21,243.0848,239.6,242.43,1.8900000000000148
2021-11-22 15:00:00,242.6,249.64,242.09,247.54,5.109999999999985
2021-11-23 09:00:00,243.84,252.2,240.67,247.707,0.1670000000000016
2021-11-23 10:00:00,247.5,247.5,229.061,232.085,-15.621999999999986
2021-11-23 11:00:00,232.555,236.24,223.84,224.185,-7.900000000000006
2021-11-23 12:00:00,224.1545,229.22,223.1201,223.7,-0.48500000000001364
2021-11-23 13:00:00,224.35,224.86,213.29,219.15,-4.549999999999983
2021-11-23 14:00:00,218.97,220.03,214,215.8,-3.3499999999999943
2021-11-23 15:00:00,215.75,218.41,212.5601,213.99,-1.8100000000000023
2021-11-24 09:00:00,217.25,223.9899,208,209.04,-4.950000000000017
2021-11-24 10:00:00,208.9,217.96,208.7,215.74,6.700000000000017
2021-11-24 11:00:00,215.8,217.25,213.65,214.655,-1.085000000000008
2021-11-24 12:00:00,214.87,215.41,212.22,212.61,-2.0449999999999875
2021-11-24 13:00:00,212.6,213.8,212.435,212.69,0.07999999999998408
2021-11-24 14:00:00,212.81,213.49,211.245,213.49,0.8000000000000114
2021-11-24 15:00:00,213.3,213.36,210.46,211.22,-2.2700000000000102
2021-11-26 09:00:00,208.08,211.7299,202,205.52,-5.699999999999989
2021-11-26 10:00:00,205.01,207.21,201.96,203.42,-2.1000000000000227
2021-11-26 11:00:00,203.75,204.309,199.2,202.65,-0.7699999999999818
2021-11-26 12:00:00,202.5901,203.9085,199.5,200.36,-2.289999999999992
2021-11-26 13:00:00,199.72,199.72,199.72,199.72,-0.6400000000000148
2021-11-29 09:00:00,204,207.85,203.7698,205.2885,5.5685
2021-11-29 10:00:00,205.2892,207.91,201.65,202.68,-2.6084999999999923
2021-11-29 11:00:00,202.55,204.27,200.94,203.805,1.125
2021-11-29 12:00:00,203.765,205.9,203.5,204.9201,1.115099999999984
2021-11-29 13:00:00,205,206.63,202.57,203.4,-1.5200999999999851
2021-11-29 14:00:00,203.2,203.67,201.65,202.19,-1.210000000000008
2021-11-29 15:00:00,202.22,204.005,201.48,201.67,-0.5200000000000102
2021-11-30 09:00:00,200.1,203.9459,197.48,198.135,-3.5349999999999966
2021-11-30 10:00:00,198.045,201.0521,194,194.83,-3.3049999999999784
2021-11-30 11:00:00,194.75,197.49,191.47,192.085,-2.7450000000000045
2021-11-30 12:00:00,191.9,194.6911,188,192.4,0.3149999999999977
2021-11-30 13:00:00,192.14,194.4411,191.035,194.4411,2.0411
2021-11-30 14:00:00,194.305,196.95,192.01,193.2,-1.2411000000000172
2021-11-30 15:00:00,192.94,197.99,192.78,196.48,3.280000000000001
2021-12-01 09:00:00,199.4,200.105,194.88,195.95,-0.5300000000000011
2021-12-01 10:00:00,195.86,197.9565,192.28,193.58,-2.369999999999976
2021-12-01 11:00:00,193.77,194.4,190.94,191.17,-2.410000000000025
2021-12-01 12:00:00,191.435,192.5155,186.44,186.44,-4.72999999999999
2021-12-01 13:00:00,186.24,189.05,184,186.28,-0.1599999999999966
2021-12-01 14:00:00,185.99,186.84,181.865,183,-3.280000000000001
2021-12-01 15:00:00,183.16,183.2569,177.01,179.71,-3.289999999999992
2021-12-02 09:00:00,185,187.43,180.44,184.01,4.299999999999983
2021-12-02 10:00:00,184.15,184.24,173.07,181.01,-3
2021-12-02 11:00:00,181.545,183.1699,179.1,181.66,0.6500000000000057
2021-12-02 12:00:00,181.9,184.999,181.545,183.72,2.0600000000000023
2021-12-02 13:00:00,183.73,183.814,177.94,180,-3.719999999999999
2021-12-02 14:00:00,180.38,181.8,179.41,181.65,1.6500000000000057
2021-12-02 15:00:00,182.15,183.3599,180.24,181.87,0.21999999999999886
2021-12-03 09:00:00,181,183.93,173.5,176.001,-5.869
2021-12-03 10:00:00,176.98,176.98,169,171.775,-4.225999999999999
2021-12-03 11:00:00,171.82,175.01,169.52,170.1062,-1.6688000000000045
2021-12-03 12:00:00,170,171.9986,167,168.47,-1.6362000000000023
2021-12-03 13:00:00,168.25,170.6545,166.3,166.6,-1.8700000000000045
2021-12-03 14:00:00,166.75,166.999,160,160.37,-6.22999999999999
2021-12-03 15:00:00,160.26,173,159.0501,172.39,12.019999999999982
2021-12-06 09:00:00,166,170.7199,165.25,167.595,-4.7949999999999875
2021-12-06 10:00:00,167.79,173,163.2,168.71,1.115000000000009
2021-12-06 11:00:00,169.065,169.42,163.3001,164.68,-4.030000000000001
2021-12-06 12:00:00,164.57,167.4588,163.28,167.4588,2.7787999999999897
2021-12-06 13:00:00,167.54,173.34,167.0601,168.9,1.4412000000000091
2021-12-06 14:00:00,168.88,171,168.6614,170.005,1.1049999999999898
2021-12-06 15:00:00,169.9,170.26,164.3,167.53,-2.4749999999999943
2021-12-07 09:00:00,175.18,176.92,173.24,175.595,8.064999999999998
2021-12-07 10:00:00,175.34,181.98,173.989,174.56,-1.0349999999999966
2021-12-07 11:00:00,174.85,176.086,170.51,175.25,0.6899999999999977
2021-12-07 12:00:00,174.9,177.43,174.82,175.53,0.28000000000000114
2021-12-07 13:00:00,175.34,176.615,174.08,176.615,1.085000000000008
2021-12-07 14:00:00,176.4787,177.7,175.51,176.615,0
2021-12-07 15:00:00,176.62,177.96,174.71,177.61,0.9950000000000045
2021-12-08 09:00:00,176.6,180.2499,171.96,172.5,-5.110000000000014
2021-12-08 10:00:00,172.4014,178.09,172.28,176.23,3.7299999999999898
2021-12-08 11:00:00,176.92,180.23,175.28,178.965,2.7350000000000136
2021-12-08 12:00:00,179.2,179.46,176.05,176.81,-2.155000000000001
2021-12-08 13:00:00,176.7925,176.8699,175.295,175.93,-0.8799999999999955
2021-12-08 14:00:00,175.93,176.48,174.7,176.26,0.3299999999999841
2021-12-08 15:00:00,176.1773,176.1773,173.1042,173.69,-2.569999999999993
2021-12-09 09:00:00,167,172.69,162.45,164.515,-9.175000000000011
2021-12-09 10:00:00,164.535,168.77,161.5101,162.7199,-1.7950999999999908
2021-12-09 11:00:00,162.56,164.63,160.31,162.805,0.08510000000001128
2021-12-09 12:00:00,162.75,163.76,161.1069,161.705,-1.0999999999999943
2021-12-09 13:00:00,161.695,162.05,158.26,158.77,-2.9350000000000023
2021-12-09 14:00:00,159,159.1306,151,151.87,-6.900000000000006
2021-12-09 15:00:00,151.88,155.97,151.65,155.65,3.780000000000001
2021-12-10 09:00:00,159.83,162.3,152,155.8211,0.1710999999999956
2021-12-10 10:00:00,155.7,159.73,150.33,152.5001,-3.320999999999998
2021-12-10 11:00:00,152.45,152.49,148,149.07,-3.43010000000001
2021-12-10 12:00:00,149.24,151.93,148.6,150.07,1
2021-12-10 13:00:00,150.0632,150.95,149,149.2683,-0.8016999999999825
2021-12-10 14:00:00,149.26,152.1175,148.25,149.01,-0.25830000000001974
2021-12-10 15:00:00,149.24,159.78,148.51,159.01,10
2021-12-13 09:00:00,160.33,160.89,149,149.1762,-9.833799999999997
2021-12-13 10:00:00,149.25,150.87,140,140.94,-8.236199999999997
2021-12-13 11:00:00,140.69,144,136.3101,139.5,-1.4399999999999977
2021-12-13 12:00:00,139.66,142.98,137.81,138.655,-0.8449999999999989
2021-12-13 13:00:00,138.6601,141.05,136.6401,140.96,2.305000000000007
2021-12-13 14:00:00,141,141.342,137.051,137.65,-3.3100000000000023
2021-12-13 15:00:00,137.64,138.78,135.0701,136.88,-0.7700000000000102
2021-12-14 09:00:00,131,144.41,129.5,142.67,5.789999999999992
2021-12-14 10:00:00,142.91,149.49,140,141.3693,-1.3006999999999778
2021-12-14 11:00:00,141.07,143.43,138.35,138.7067,-2.6625999999999976
2021-12-14 12:00:00,138.58,142.33,137.1482,141.945,3.238299999999981
2021-12-14 13:00:00,141.75,144.07,139.23,141.4143,-0.530699999999996
2021-12-14 14:00:00,141.45,147.5,140.99,144.18,2.7657000000000096
2021-12-14 15:00:00,144.18,150.3736,144.18,147.52,3.3400000000000034
2021-12-15 09:00:00,147.46,147.46,142.21,145.9128,-1.607200000000006
2021-12-15 10:00:00,145.79,147.85,141.12,143.74,-2.172799999999995
2021-12-15 11:00:00,143.97,146.18,142.1,145.765,2.0249999999999773
2021-12-15 12:00:00,145.9,152,145.81,150,4.235000000000014
2021-12-15 13:00:00,149.84,150.27,147.05,148.17,-1.8300000000000125
2021-12-15 14:00:00,148.0369,150.27,143.52,144.36,-3.809999999999974
2021-12-15 15:00:00,144.4,151.81,144.4,149.7,5.339999999999975
2021-12-16 09:00:00,152.93,154.44,148.29,148.73,-0.9699999999999989
2021-12-16 10:00:00,148.68,150.7923,147.01,148.5,-0.22999999999998977
2021-12-16 11:00:00,148.3777,148.44,144.671,146.4019,-2.098099999999988
2021-12-16 12:00:00,146.39,147.76,143.61,143.61,-2.7918999999999983
2021-12-16 13:00:00,143.5001,146.93,143.36,146.31,2.6999999999999886
2021-12-16 14:00:00,146.195,146.195,142.13,142.95,-3.3600000000000136
2021-12-16 15:00:00,142.875,146.8,142.5,144.33,1.3800000000000239
2021-12-17 09:00:00,143.75,144.8858,139.331,144.465,0.1349999999999909
2021-12-17 10:00:00,144.21,156.5,143.2501,153.6367,9.171699999999987
2021-12-17 11:00:00,153.28,158.4,152.1463,154.3079,0.6711999999999989
2021-12-17 12:00:00,154.24,158.06,151.27,156.84,2.532100000000014
2021-12-17 13:00:00,156.69,158.38,155,157.52,0.6800000000000068
2021-12-17 14:00:00,157.5953,158.5656,156.09,157.25,-0.27000000000001023
2021-12-17 15:00:00,157.12,157.75,154.03,155.44,-1.8100000000000023
2021-12-20 09:00:00,153.19,159.68,151.11,154.49,-0.9499999999999886
2021-12-20 10:00:00,154.3116,156.47,150.75,150.985,-3.5049999999999955
2021-12-20 11:00:00,150.9504,151.54,149.7,151.17,0.18499999999997385
2021-12-20 12:00:00,151.11,151.86,150.2,150.77,-0.39999999999997726
2021-12-20 13:00:00,150.52,153.81,150.31,152.6,1.829999999999984
2021-12-20 14:00:00,152.69,155.4727,152.4761,154.82,2.219999999999999
2021-12-20 15:00:00,155.1662,158.33,154.981,156.85,2.030000000000001
2021-12-21 09:00:00,157.06,159.3476,155.14,155.97,-0.8799999999999955
2021-12-21 10:00:00,155.96,160.25,155.3,158.24,2.2700000000000102
2021-12-21 11:00:00,158.0377,158.0377,156.13,157.22,-1.0200000000000102
2021-12-21 12:00:00,157.34,157.84,155.46,156.2311,-0.988900000000001
2021-12-21 13:00:00,156.01,156.88,155.47,155.64,-0.5911000000000115
2021-12-21 14:00:00,155.7,158.11,155.5,158.01,2.3700000000000045
2021-12-21 15:00:00,157.88,158.42,156.755,158,-0.009999999999990905
2021-12-22 09:00:00,158.33,159.1545,156,156.6,-1.4000000000000057
2021-12-22 10:00:00,156.5,158.53,155,158.465,1.865000000000009
2021-12-22 11:00:00,158.235,158.69,156.985,157.69,-0.7750000000000057
2021-12-22 12:00:00,157.815,158.6622,154.22,154.78,-2.9099999999999966
2021-12-22 13:00:00,154.63,154.85,152.12,152.81,-1.9699999999999989
2021-12-22 14:00:00,152.835,154.47,152.4,154.18,1.3700000000000045
2021-12-22 15:00:00,154.14,154.44,152.85,153.8,-0.37999999999999545
2021-12-23 09:00:00,154,155,147,147.95,-5.850000000000023
2021-12-23 10:00:00,148.26,151.8,146.02,151.45,3.5
2021-12-23 11:00:00,151.525,154.1985,151.076,153.13,1.6800000000000068
2021-12-23 12:00:00,153.1266,153.55,152.5,152.66,-0.46999999999999886
2021-12-23 13:00:00,152.91,153.0699,151.5,152.4,-0.2599999999999909
2021-12-23 14:00:00,152.51,152.51,151.44,151.4489,-0.9510999999999967
2021-12-23 15:00:00,151.49,152.5,150.57,152.22,0.7710999999999899
2021-12-27 09:00:00,152,152.6211,140,144.46,-7.759999999999991
2021-12-27 10:00:00,144.49,147.47,143.71,145.74,1.2800000000000011
2021-12-27 11:00:00,145.66,148.969,145.14,147.87,2.1299999999999955
2021-12-27 12:00:00,147.75,149.49,147.1935,149,1.1299999999999955
2021-12-27 13:00:00,148.92,149.55,148.47,148.49,-0.5099999999999909
2021-12-27 14:00:00,148.465,149.74,147.3101,148.8,0.3100000000000023
2021-12-27 15:00:00,148.735,148.8317,147,148.31,-0.4900000000000091
2021-12-28 09:00:00,147.5,154.88,147.001,153,4.689999999999998
2021-12-28 10:00:00,153,157.41,150.58,152.67,-0.3300000000000125
2021-12-28 11:00:00,152.67,153.45,149.3,150.11,-2.559999999999974
2021-12-28 12:00:00,150.04,150.8799,148.6,149.31,-0.8000000000000114
2021-12-28 13:00:00,149.01,150.27,147.76,148.16,-1.1500000000000057
2021-12-28 14:00:00,147.88,148.7141,147,147.695,-0.4650000000000034
2021-12-28 15:00:00,147.64,148.1,146.41,146.61,-1.0849999999999795
2021-12-29 09:00:00,147.85,150.7,146.5343,147.75,1.1399999999999864
2021-12-29 10:00:00,147.6,147.6,142.14,144.5,-3.25
2021-12-29 11:00:00,144.5,148,144.02,147.76,3.259999999999991
2021-12-29 12:00:00,147.86,151.69,147.2,151.32,3.5600000000000023
2021-12-29 13:00:00,151.0851,153.8,150.4401,152.371,1.0510000000000161
2021-12-29 14:00:00,152.38,155.49,151.98,154.76,2.3889999999999816
2021-12-29 15:00:00,154.75,155.35,152.27,153.5,-1.259999999999991
2021-12-30 09:00:00,151,156.93,150,154.11,0.6100000000000136
2021-12-30 10:00:00,154.245,155.989,152.75,152.79,-1.3200000000000216
2021-12-30 11:00:00,152.75,157.12,152.2,155.5,2.710000000000008
2021-12-30 12:00:00,155.555,158.85,155.36,157.69,2.1899999999999977
2021-12-30 13:00:00,157.61,160,157.5819,158.61,0.9200000000000159
2021-12-30 14:00:00,158.74,158.92,156.26,157.1351,-1.4749000000000194
2021-12-30 15:00:00,157.1042,157.1042,153.3827,155.18,-1.9550999999999874
2021-12-31 09:00:00,153.62,156.73,153.11,155.6054,0.4253999999999962
2021-12-31 10:00:00,155.45,155.9699,152.92,153,-2.605400000000003
2021-12-31 11:00:00,153.0646,155.16,152.875,153.9409,0.9408999999999992
2021-12-31 12:00:00,154.01,154.46,152.97,153.3261,-0.6148000000000025
2021-12-31 13:00:00,153.43,153.43,151,151.1868,-2.1392999999999915
2021-12-31 14:00:00,151.27,151.65,148.41,148.46,-2.7267999999999972
2021-12-31 15:00:00,148.4435,149.8,148.1,148.16,-0.30000000000001137
2022-01-03 09:00:00,149.23,152.8735,149.21,152.2,4.039999999999992
2022-01-03 10:00:00,152.1501,159.38,152.1501,157.07,4.8700000000000045
2022-01-03 11:00:00,157.07,159.27,155.47,156.0991,-0.9709000000000003
2022-01-03 12:00:00,155.9,156,153.73,155.18,-0.919099999999986
2022-01-03 13:00:00,155.21,155.21,152.87,153.57,-1.6100000000000136
2022-01-03 14:00:00,153.55,154.57,152.0427,153.6,0.030000000000001137
2022-01-03 15:00:00,153.6,153.64,151.92,153.02,-0.5799999999999841
2022-01-04 09:00:00,152.17,152.99,149.5,149.56,-3.460000000000008
2022-01-04 10:00:00,149.56,149.67,143.71,144.2,-5.360000000000014
2022-01-04 11:00:00,144.02,146.73,143.05,145.35,1.1500000000000057
2022-01-04 12:00:00,145.2944,146.21,144,144.85,-0.5
2022-01-04 13:00:00,144.995,146.2719,143.9,144.07,-0.7800000000000011
2022-01-04 14:00:00,144.23,145.98,144.1,145.395,1.325000000000017
2022-01-04 15:00:00,145.39,150.32,145.24,148.6,3.204999999999984
2022-01-05 09:00:00,148.39,148.85,144.75,146.06,-2.539999999999992
2022-01-05 10:00:00,146.12,146.5,142.81,143.76,-2.3000000000000114
2022-01-05 11:00:00,143.745,143.96,140.7,141.44,-2.319999999999993
2022-01-05 12:00:00,141.39,142,136.12,136.69,-4.75
2022-01-05 13:00:00,136.79,138.9153,135.67,137.19,0.5
2022-01-05 14:00:00,137.19,138.93,132.905,133.16,-4.030000000000001
2022-01-05 15:00:00,133.15,133.18,129.1501,129.33,-3.829999999999984
2022-01-06 09:00:00,132.84,137.7,124.775,126.89,-2.440000000000012
2022-01-06 10:00:00,126.97,134.5322,121.14,128.0493,1.1592999999999876
2022-01-06 11:00:00,128.01,132.98,128,132.01,3.9607000000000028
2022-01-06 12:00:00,132.34,137.02,132,136.4101,4.400100000000009
2022-01-06 13:00:00,136.45,136.86,131.5,132.68,-3.730099999999993
2022-01-06 14:00:00,132.64,133.3028,131.01,132.8817,0.20169999999998822
2022-01-06 15:00:00,133.0237,133.96,130,131.01,-1.8717000000000041
2022-01-07 09:00:00,159.77,160.31,146.681,148.28,17.27000000000001
2022-01-07 10:00:00,148.16,149.939,137.27,138.74,-9.539999999999992
2022-01-07 11:00:00,138.655,142.39,138.33,139.01,0.2699999999999818
2022-01-07 12:00:00,139.195,139.29,135.17,137.0799,-1.9300999999999817
2022-01-07 13:00:00,136.8927,139.7,133.2204,133.2204,-3.859499999999997
2022-01-07 14:00:00,133.346,136.7538,132.5,136.7538,3.5334000000000003
2022-01-07 15:00:00,136.66,141.72,135.99,140.61,3.856200000000001
2022-01-10 09:00:00,134.99,135.69,126.5,127.64,-12.970000000000013
2022-01-10 10:00:00,127.51,128.2499,120,120.845,-6.795000000000002
2022-01-10 11:00:00,120.705,126.33,120.3001,126.21,5.364999999999995
2022-01-10 12:00:00,126.17,126.3499,123.14,124.93,-1.279999999999987
2022-01-10 13:00:00,125.11,128,124.75,127.3,2.3699999999999903
2022-01-10 14:00:00,127.55,129.6,127.5,128.4,1.1000000000000085
2022-01-10 15:00:00,128.45,131.53,127.21,131.09,2.6899999999999977
2022-01-11 09:00:00,130.1,132.92,127.3901,132.28,1.1899999999999977
2022-01-11 10:00:00,132.15,136.8,129.89,130.755,-1.5250000000000057
2022-01-11 11:00:00,130.7734,133.46,130.25,131.7612,1.0062000000000069
2022-01-11 12:00:00,131.66,132.47,130.89,131.022,-0.739200000000011
2022-01-11 13:00:00,131.095,131.105,128.41,129.9799,-1.042100000000005
2022-01-11 14:00:00,129.9566,130.6,128.25,130.105,0.12510000000000332
2022-01-11 15:00:00,130.0191,131.219,129.42,130.33,0.22500000000002274
2022-01-12 09:00:00,130,131.32,127.025,130.8312,0.501199999999983
2022-01-12 10:00:00,130.9003,131.1791,126.45,127.5349,-3.2963000000000022
2022-01-12 11:00:00,127.49,128.2566,126.45,127.04,-0.494899999999987
2022-01-12 12:00:00,127.1594,129.98,126.87,129.89,2.84999999999998
2022-01-12 13:00:00,129.8,130.15,128.1,129.22,-0.6699999999999875
2022-01-12 14:00:00,129.3,129.33,127.82,128.465,-0.7549999999999955
2022-01-12 15:00:00,128.4664,128.88,127.61,128.17,-0.2950000000000159
2022-01-13 09:00:00,128.5,130.5,126.21,129.55,1.3800000000000239
2022-01-13 10:00:00,129.68,129.68,126.75,127.879,-1.6710000000000065
2022-01-13 11:00:00,127.99,129.27,127.54,129.01,1.130999999999986
2022-01-13 12:00:00,128.7,128.98,125.59,126,-3.009999999999991
2022-01-13 13:00:00,126.1,126.1,122.97,125.24,-0.7600000000000051
2022-01-13 14:00:00,125.01,125.99,123.86,124.72,-0.519999999999996
2022-01-13 15:00:00,124.74,124.74,121.69,122.57,-2.1500000000000057
2022-01-14 09:00:00,120.15,121.44,115.71,119.309,-3.2609999999999957
2022-01-14 10:00:00,119.59,122.3,116.97,117.395,-1.9140000000000015
2022-01-14 11:00:00,117.395,118.49,115.55,117.0899,-0.30509999999999593
2022-01-14 12:00:00,117.08,117.375,112.41,113.96,-3.1299000000000063
2022-01-14 13:00:00,113.85,116.2696,112.02,116.11,2.1500000000000057
2022-01-14 14:00:00,116.0997,116.23,114.21,115.64,-0.46999999999999886
2022-01-14 15:00:00,115.64,117,115.52,116.68,1.0400000000000063
2022-01-18 09:00:00,113.11,113.75,107.1706,109.1,-7.5800000000000125
2022-01-18 10:00:00,108.955,110.97,107.5,107.89,-1.2099999999999937
2022-01-18 11:00:00,107.9,108.8,106.69,108,0.10999999999999943
2022-01-18 12:00:00,108.07,108.09,104.402,105.107,-2.8930000000000007
2022-01-18 13:00:00,105.1,106.96,104.4501,106.7,1.5930000000000035
2022-01-18 14:00:00,106.7061,112.23,106.61,110.78,4.079999999999998
2022-01-18 15:00:00,110.74,111.79,108.4,108.81,-1.9699999999999989
2022-01-19 09:00:00,110.01,113.05,109.08,109.16,0.3499999999999943
2022-01-19 10:00:00,109.2278,111.43,105,105.8,-3.3599999999999994
2022-01-19 11:00:00,105.61,107.04,104.41,106,0.20000000000000284
2022-01-19 12:00:00,105.965,109.8779,105.965,108.94,2.9399999999999977
2022-01-19 13:00:00,109,109.6,107.81,109.52,0.5799999999999983
2022-01-19 14:00:00,109.29,109.65,107.2201,107.55,-1.9699999999999989
2022-01-19 15:00:00,107.65,108.21,106.26,106.56,-0.9899999999999949
2022-01-20 09:00:00,107.9,112.5,107.55,111.815,5.2549999999999955
2022-01-20 10:00:00,111.72,115.2,109.7748,111.26,-0.5549999999999926
2022-01-20 11:00:00,111.09,111.11,108.4301,110.075,-1.1850000000000023
2022-01-20 12:00:00,109.96,110.71,108.67,109.16,-0.9150000000000063
2022-01-20 13:00:00,109.2455,109.2455,108.25,108.83,-0.3299999999999983
2022-01-20 14:00:00,108.83,109.85,106.9,107.125,-1.7049999999999983
2022-01-20 15:00:00,107.08,107.67,101.6,102.595,-4.530000000000001
2022-01-21 09:00:00,101,103.94,94.08,97,-5.594999999999999
2022-01-21 10:00:00,97,102.75,92.72,101.6801,4.680099999999996
2022-01-21 11:00:00,101.7144,103.3624,99.3729,101.33,-0.35009999999999764
2022-01-21 12:00:00,101.2101,102.67,100.1474,101.53,0.20000000000000284
2022-01-21 13:00:00,101.55,106.3199,101.31,104.2736,2.7436000000000007
2022-01-21 14:00:00,104.6,110.21,104.3001,107.5001,3.2265000000000015
2022-01-21 15:00:00,107.6695,108.54,105.09,106,-1.5001000000000033
2022-01-24 09:00:00,99.02,102.86,96.56,96.75,-9.25
2022-01-24 10:00:00,96.66,97.8599,91.5,92.4233,-4.326700000000002
2022-01-24 11:00:00,92.36,93.04,87.31,88.91,-3.513300000000001
2022-01-24 12:00:00,88.91,91.96,86.29,90.6201,1.710099999999997
2022-01-24 13:00:00,90.5604,98.8,90.0196,97,6.379900000000006
2022-01-24 14:00:00,97.17,100,94.0567,95.52,-1.480000000000004
2022-01-24 15:00:00,95.52,101,95.45,99.9,4.38000000000001
2022-01-25 09:00:00,96.92,100.99,95.8,97.65,-2.25
2022-01-25 10:00:00,97.96,104.9692,97.05,99.7,2.049999999999997
2022-01-25 11:00:00,99.5,100.165,96.57,97.03,-2.6700000000000017
2022-01-25 12:00:00,97.03,97.82,95.01,95.82,-1.210000000000008
2022-01-25 13:00:00,95.82,99.38,95.5,98.625,2.805000000000007
2022-01-25 14:00:00,98.585,99.9,97.6,99.31,0.6850000000000023
2022-01-25 15:00:00,99.39,101.89,98.21,99.78,0.46999999999999886
2022-01-26 09:00:00,101.1,104.2,100.49,103.42,3.6400000000000006
2022-01-26 10:00:00,103.46,105.94,100.31,101.365,-2.055000000000007
2022-01-26 11:00:00,101.4638,111.75,101.01,111.586,10.221000000000004
2022-01-26 12:00:00,111.75,119,111.3,113.07,1.4839999999999947
2022-01-26 13:00:00,113.091,117.44,112.58,114.23,1.1600000000000108
2022-01-26 14:00:00,114.33,117,104.22,105.6,-8.63000000000001
2022-01-26 15:00:00,105.56,105.56,101.5,103.69,-1.9099999999999966
2022-01-27 09:00:00,104.14,107,103.5,104.05,0.35999999999999943
2022-01-27 10:00:00,103.77,104.699,96.2,96.894,-7.155999999999992
2022-01-27 11:00:00,97.12,98.215,95.26,95.44,-1.4540000000000077
2022-01-27 12:00:00,95.2846,96.36,93.68,95.31,-0.12999999999999545
2022-01-27 13:00:00,95.204,99,94.4201,96.59,1.2800000000000011
2022-01-27 14:00:00,96.43,97.57,93.975,94.88,-1.710000000000008
2022-01-27 15:00:00,94.95,95.6399,92.8865,93.48,-1.3999999999999915
2022-01-28 09:00:00,95.4,97.21,89.57,89.775,-3.7049999999999983
2022-01-28 10:00:00,89.7144,93.32,87.605,92.15,2.375
2022-01-28 11:00:00,92.15,96.79,91.22,95.18,3.030000000000001
2022-01-28 12:00:00,95.04,97.4125,94.44,94.71,-0.4700000000000131
2022-01-28 13:00:00,94.51,96.05,94,95.59,0.8800000000000097
2022-01-28 14:00:00,95.69,96.25,92.48,95.0101,-0.5799000000000092
2022-01-28 15:00:00,95.05,98,94.17,97.847,2.8369
2022-01-31 09:00:00,97.87,105.5,97.86,103.095,5.248000000000005
2022-01-31 10:00:00,103.09,104.7599,101.6531,104.354,1.2590000000000003
2022-01-31 11:00:00,104.375,108.8,104.37,107.66,3.3059999999999974
2022-01-31 12:00:00,107.7,108.35,103.6,106.299,-1.36099999999999
2022-01-31 13:00:00,106.16,107.82,104.8907,106.12,-0.17900000000000205
2022-01-31 14:00:00,106.36,108.18,105.85,108.045,1.9249999999999972
2022-01-31 15:00:00,107.97,109.8199,106.26,108.82,0.7749999999999915
2022-02-01 09:00:00,113.01,116.65,109.58,109.77,0.9500000000000028
2022-02-01 10:00:00,110,113.95,108.2649,113.76,3.990000000000009
2022-02-01 11:00:00,113.65,116.47,112.24,114.62,0.8599999999999994
2022-02-01 12:00:00,114.4426,114.6573,111.69,112.565,-2.055000000000007
2022-02-01 13:00:00,112.57,113.205,109.57,109.89,-2.674999999999997
2022-02-01 14:00:00,109.955,111.9499,109.55,110.87,0.980000000000004
2022-02-01 15:00:00,110.995,113.02,110.795,112.49,1.6199999999999903
2022-02-02 09:00:00,110.35,111.8599,106.08,109.17,-3.319999999999993
2022-02-02 10:00:00,109.1699,111.26,107.09,107.59,-1.5799999999999983
2022-02-02 11:00:00,107.42,107.4699,103.05,105.56,-2.030000000000001
2022-02-02 12:00:00,105.53,106.16,103.58,105.615,0.05499999999999261
2022-02-02 13:00:00,105.61,107.34,105.1332,105.41,-0.2049999999999983
2022-02-02 14:00:00,105.33,105.91,104,104.115,-1.2950000000000017
2022-02-02 15:00:00,104.205,104.2606,98.06,100.11,-4.0049999999999955
2022-02-03 09:00:00,101.5,101.63,97.81,98.5,-1.6099999999999994
2022-02-03 10:00:00,98.35,106.94,97.71,102.2,3.700000000000003
2022-02-03 11:00:00,102,103.0048,100.48,100.48,-1.7199999999999989
2022-02-03 12:00:00,100.59,102.3,99.26,101.85,1.3699999999999903
2022-02-03 13:00:00,101.87,102,100,100.6,-1.25
2022-02-03 14:00:00,100.5,101.32,99.365,99.87,-0.7299999999999898
2022-02-03 15:00:00,99.8748,100.18,98.04,99.15,-0.7199999999999989
2022-02-04 09:00:00,99.01,101.04,95.08,97.37,-1.7800000000000011
2022-02-04 10:00:00,97.65,100.97,97.52,97.885,0.5150000000000006
2022-02-04 11:00:00,97.79,99,96.53,97.06,-0.8250000000000028
2022-02-04 12:00:00,97.01,99.75,96.98,99.02,1.9599999999999937
2022-02-04 13:00:00,99.32,101.36,99.32,100.541,1.5210000000000008
2022-02-04 14:00:00,100.8123,101.81,100.304,101.78,1.2390000000000043
2022-02-04 15:00:00,101.82,104,101.3301,102.44,0.6599999999999966
2022-02-07 09:00:00,102.99,105.3849,102.43,104.01,1.5700000000000074
2022-02-07 10:00:00,104.08,104.13,100.9401,102.14,-1.8700000000000045
2022-02-07 11:00:00,102.3,102.5,98.77,100.47,-1.6700000000000017
2022-02-07 12:00:00,100.34,101.55,99.32,101.2121,0.7421000000000078
2022-02-07 13:00:00,101.23,102.81,100.92,102.08,0.8678999999999917
2022-02-07 14:00:00,102.03,102.88,101.6,102.15,0.07000000000000739
2022-02-07 15:00:00,102.01,104.12,101.34,102.16,0.009999999999990905
2022-02-08 09:00:00,101.755,105.43,100.55,102.995,0.835000000000008
2022-02-08 10:00:00,102.725,104.23,101.5,104.0401,1.0450999999999908
2022-02-08 11:00:00,104.25,113.4896,104.13,110.8701,6.829999999999998
2022-02-08 12:00:00,111.13,115.8507,109.41,114.84,3.9699000000000098
2022-02-08 13:00:00,114.84,117.6717,112,114.58,-0.2600000000000051
2022-02-08 14:00:00,114.705,115.2686,110.4935,111.46,-3.1200000000000045
2022-02-08 15:00:00,111.4631,115.63,110.77,115.6,4.140000000000001
2022-02-09 09:00:00,114.09,122.9289,113,117.1,1.5
2022-02-09 10:00:00,117.084,120.23,116.3725,119.16,2.0600000000000023
2022-02-09 11:00:00,119.15,122.87,117.65,120.4708,1.3108000000000004
2022-02-09 12:00:00,120.46,121.95,118.3701,121.29,0.8192000000000093
2022-02-09 13:00:00,121.285,121.505,119.8529,121.505,0.2149999999999892
2022-02-09 14:00:00,121.6,122.514,120.11,120.8274,-0.6775999999999982
2022-02-09 15:00:00,120.73,124.71,120.39,124.33,3.502600000000001
2022-02-10 09:00:00,117.95,124.96,116,124.29,-0.03999999999999204
2022-02-10 10:00:00,124.1642,130.77,123.84,128.02,3.730000000000004
2022-02-10 11:00:00,128.37,130.2977,126.25,128.4,0.37999999999999545
2022-02-10 12:00:00,128.17,131.78,126.56,128.42,0.01999999999998181
2022-02-10 13:00:00,128.44,129.7879,124.585,126.469,-1.9509999999999934
2022-02-10 14:00:00,126.49,126.51,123.12,123.135,-3.333999999999989
2022-02-10 15:00:00,123.39,124.81,121.08,122.525,-0.6099999999999994
2022-02-11 09:00:00,122.48,126.4023,121.365,123.47,0.9449999999999932
2022-02-11 10:00:00,123.675,126.6,121.6,125.66,2.1899999999999977
2022-02-11 11:00:00,125.51,126.27,124.17,125.36,-0.29999999999999716
2022-02-11 12:00:00,125.045,129.8668,124.75,128.821,3.4609999999999985
2022-02-11 13:00:00,128.98,129.5565,122.61,123.959,-4.861999999999995
2022-02-11 14:00:00,123.775,125,120.7706,122.305,-1.6539999999999964
2022-02-11 15:00:00,122.17,124.6942,122.08,124.25,1.9449999999999932
2022-02-14 09:00:00,122.93,125.5,122.1016,122.7,-1.5499999999999972
2022-02-14 10:00:00,122.7,122.7,116.65,119.35,-3.3500000000000085
2022-02-14 11:00:00,119.55,120.79,118.63,120.04,0.6900000000000119
2022-02-14 12:00:00,119.92,120.97,118.5,119.18,-0.8599999999999994
2022-02-14 13:00:00,119.12,119.48,116.66,116.67,-2.510000000000005
2022-02-14 14:00:00,116.67,118.65,116.15,118.34,1.6700000000000017
2022-02-14 15:00:00,118.33,118.93,116.43,117.22,-1.1200000000000045
2022-02-15 09:00:00,120.96,122.25,119.26,121.1,3.8799999999999955
2022-02-15 10:00:00,120.965,122.39,119.83,121.73,0.6300000000000097
2022-02-15 11:00:00,121.79,125.2199,121.71,124.715,2.9849999999999994
2022-02-15 12:00:00,124.63,124.7,121.711,122.55,-2.1650000000000063
2022-02-15 13:00:00,122.18,124.12,122.04,124.09,1.5400000000000063
2022-02-15 14:00:00,124.18,124.7,122.76,124.35,0.2599999999999909
2022-02-15 15:00:00,124.19,127.2299,124.19,126.2,1.8500000000000085
2022-02-16 09:00:00,124.43,128.8999,123.92,128.33,2.1300000000000097
2022-02-16 10:00:00,128.33,132.85,127.505,131.375,3.0449999999999875
2022-02-16 11:00:00,131.5,132.72,130.21,130.36,-1.0149999999999864
2022-02-16 12:00:00,130.51,130.79,127.12,127.24,-3.1200000000000188
2022-02-16 13:00:00,127,127.65,125.2408,125.97,-1.269999999999996
2022-02-16 14:00:00,126.9261,129.3,125.4,128.58,2.6100000000000136
2022-02-16 15:00:00,128.69,129.33,127.56,128.33,-0.25
2022-02-17 09:00:00,126.77,130.24,126.3591,128.06,-0.27000000000001023
2022-02-17 10:00:00,127.7,130.71,127.02,129.3,1.240000000000009
2022-02-17 11:00:00,129.13,130.8479,128.65,128.88,-0.4200000000000159
2022-02-17 12:00:00,128.97,129.31,128.2,129.075,0.19499999999999318
2022-02-17 13:00:00,128.9345,129.52,126.05,126.15,-2.924999999999983
2022-02-17 14:00:00,126.15,126.15,122.85,122.91,-3.240000000000009
2022-02-17 15:00:00,122.86,124.03,122.22,123.34,0.4300000000000068
2022-02-18 09:00:00,124.2,125.6496,122.5555,124.918,1.578000000000003
2022-02-18 10:00:00,124.54,124.95,118.88,119.04,-5.878
2022-02-18 11:00:00,119,120.48,118.131,119.72,0.6799999999999926
2022-02-18 12:00:00,119.552,121.11,119.17,119.93,0.21000000000000796
2022-02-18 13:00:00,120.005,121.85,119.44,121.43,1.5
2022-02-18 14:00:00,121.49,123.583,121.04,123,1.5699999999999932
2022-02-18 15:00:00,123.0699,123.532,120.9,121.62,-1.3799999999999955
2022-02-22 09:00:00,118.2,119.88,114.185,118.81,-2.8100000000000023
2022-02-22 10:00:00,118.26,122.77,117.65,120.184,1.3739999999999952
2022-02-22 11:00:00,120.095,121.32,118.63,118.91,-1.274000000000001
2022-02-22 12:00:00,119,119.48,116.75,117.9394,-0.9705999999999904
2022-02-22 13:00:00,117.5736,118.72,116.38,117.41,-0.5294000000000096
2022-02-22 14:00:00,117.31,122.0752,116.32,121.6,4.189999999999998
2022-02-22 15:00:00,121.85,123.33,118.06,118.08,-3.519999999999996
2022-02-23 09:00:00,121.22,123.355,120.095,121.5,3.4200000000000017
2022-02-23 10:00:00,121.32,121.4,116.53,117.75,-3.75
2022-02-23 11:00:00,117.6,120.45,117.08,120.15,2.4000000000000057
2022-02-23 12:00:00,119.9755,121.36,119.01,119.29,-0.8599999999999994
2022-02-23 13:00:00,119.0333,119.45,117.49,117.85,-1.440000000000012
2022-02-23 14:00:00,117.65,118.03,115.49,116,-1.8499999999999943
2022-02-23 15:00:00,116.02,116.32,114.2801,114.9,-1.0999999999999943
2022-02-24 09:00:00,105.53,112.3992,104.12,111.795,-3.105000000000004
2022-02-24 10:00:00,111.55,115.38,109.5,114.1855,2.390500000000003
2022-02-24 11:00:00,114.11,116.8131,113.25,116.75,2.5644999999999953
2022-02-24 12:00:00,116.74,117.7155,115.425,116.56,-0.18999999999999773
2022-02-24 13:00:00,116.68,121.51,116.68,119.5601,3.0001000000000033
2022-02-24 14:00:00,119.88,123.33,119.12,122.25,2.6898999999999944
2022-02-24 15:00:00,122.19,125.71,121.8,124.55,2.299999999999997
2022-02-25 09:00:00,123.57,124.97,119.36,119.36,-5.189999999999998
2022-02-25 10:00:00,119.37,123.11,119.03,120.4,1.0400000000000063
2022-02-25 11:00:00,120.4,121.37,118.42,120.7982,0.39819999999998856
2022-02-25 12:00:00,120.65,120.93,117.61,118.15,-2.6481999999999886
2022-02-25 13:00:00,118.02,118.625,116.9276,117.35,-0.8000000000000114
2022-02-25 14:00:00,117.17,118.18,116.485,118.14,0.7900000000000063
2022-02-25 15:00:00,118.1456,120.42,117.7799,118.54,0.4000000000000057
2022-02-28 09:00:00,121,121.11,116.89,118.9,0.35999999999999943
2022-02-28 10:00:00,119.3189,125.3799,119.0101,124.32,5.4199999999999875
2022-02-28 11:00:00,124.665,126.285,123.581,124.2,-0.11999999999999034
2022-02-28 12:00:00,124.09,124.09,119.49,121,-3.200000000000003
2022-02-28 13:00:00,120.9566,122.54,120.391,121.895,0.894999999999996
2022-02-28 14:00:00,121.58,121.74,119.6,121,-0.894999999999996
2022-02-28 15:00:00,120.9415,123.71,119.43,123.35,2.3499999999999943
2022-03-01 09:00:00,122.19,125.8,122.19,124.43,1.0800000000000125
2022-03-01 10:00:00,124.74,125.87,123.4,124.13,-0.30000000000001137
2022-03-01 11:00:00,123.97,125,121.6,121.6,-2.530000000000001
2022-03-01 12:00:00,121.6181,123.12,120.5001,123.12,1.5200000000000102
2022-03-01 13:00:00,123.06,123.5,120.9818,121.21,-1.9100000000000108
2022-03-01 14:00:00,121.29,122.08,120.12,120.46,-0.75
2022-03-01 15:00:00,120.575,121.88,118.35,119.03,-1.4299999999999926
2022-03-02 09:00:00,119.5,121.7799,118.78,119.9548,0.9248000000000047
2022-03-02 10:00:00,119.52,120.0525,116.71,117.19,-2.764800000000008
2022-03-02 11:00:00,117.05,120.93,116.3714,119.53,2.3400000000000034
2022-03-02 12:00:00,119.2,119.69,118.32,118.96,-0.5700000000000074
2022-03-02 13:00:00,118.7972,122.095,118.7972,121.7,2.740000000000009
2022-03-02 14:00:00,121.73,122.66,120.96,121,-0.7000000000000028
2022-03-02 15:00:00,121.2165,122.67,121.2165,122.14,1.1400000000000006
2022-03-03 09:00:00,122.96,123.74,119.84,120.135,-2.0049999999999955
2022-03-03 10:00:00,120.23,121.2399,117.23,117.8199,-2.315100000000001
2022-03-03 11:00:00,117.45,121.23,117.45,120.855,3.0351
2022-03-03 12:00:00,120.93,121.9,119.51,119.99,-0.8650000000000091
2022-03-03 13:00:00,119.86,120.94,119.69,120.4,0.4100000000000108
2022-03-03 14:00:00,120.6,122.16,119,119.48,-0.9200000000000017
2022-03-03 15:00:00,119.33,120.01,117.52,118.55,-0.9300000000000068
2022-03-04 09:00:00,118.01,120.51,115.16,116.42,-2.1299999999999955
2022-03-04 10:00:00,116.46,116.82,114.2,114.26,-2.1599999999999966
2022-03-04 11:00:00,114.2,115.94,113.49,114.63,0.36999999999999034
2022-03-04 12:00:00,114.7,116.25,114.4,116.2,1.5700000000000074
2022-03-04 13:00:00,116.2,117.38,115.7,115.81,-0.39000000000000057
2022-03-04 14:00:00,115.94,115.94,111.52,111.67,-4.140000000000001
2022-03-04 15:00:00,111.56,112.69,110.5812,111.66,-0.010000000000005116
2022-03-07 09:00:00,115,115,108.5,108.53,-3.1299999999999955
2022-03-07 10:00:00,108.5,109.39,103.4423,103.63,-4.900000000000006
2022-03-07 11:00:00,103.73,105.4419,100,101.51,-2.1199999999999903
2022-03-07 12:00:00,101.4,102.59,100.73,100.85,-0.6600000000000108
2022-03-07 13:00:00,100.89,101.9201,98.89,100.4191,-0.43089999999999407
2022-03-07 14:00:00,100.37,101.77,99.03,99.27,-1.1491000000000042
2022-03-07 15:00:00,99.32,100.17,96.1025,99.36,0.09000000000000341
2022-03-08 09:00:00,101.03,101.765,97.1407,98.38,-0.980000000000004
2022-03-08 10:00:00,98.24,104,97.0861,103.605,5.2250000000000085
2022-03-08 11:00:00,103.635,104.9,101.7205,103.55,-0.05500000000000682
2022-03-08 12:00:00,103.51,108.58,103.2316,107.52,3.969999999999999
2022-03-08 13:00:00,107.62,108.99,104.41,104.66,-2.8599999999999994
2022-03-08 14:00:00,104.47,105.35,102.584,104.46,-0.20000000000000284
2022-03-08 15:00:00,104.75,105.555,102.92,102.95,-1.509999999999991
2022-03-09 09:00:00,106.98,107.69,103.5,104.5,1.5499999999999972
2022-03-09 10:00:00,104.5,105.95,103.81,105.76,1.2600000000000051
2022-03-09 11:00:00,105.78,107.17,104.58,107.06,1.2999999999999972
2022-03-09 12:00:00,107.03,108.51,106.76,108.09,1.0300000000000011
2022-03-09 13:00:00,108.14,108.86,106.51,108.5,0.4099999999999966
2022-03-09 14:00:00,108.63,108.76,106.4312,106.67,-1.8299999999999983
2022-03-09 15:00:00,106.56,106.96,104.75,105.24,-1.4300000000000068
2022-03-10 09:00:00,103.92,104.0572,102.1,103.7241,-1.5158999999999878
2022-03-10 10:00:00,103.39,103.61,98.2512,100.045,-3.6791000000000054
2022-03-10 11:00:00,100.045,101.05,99.4276,100.8421,0.7971000000000004
2022-03-10 12:00:00,100.7302,100.83,98.8,98.9,-1.9420999999999964
2022-03-10 13:00:00,98.9632,100.2299,98.5,99.215,0.3149999999999977
2022-03-10 14:00:00,99.26,100.5,99.12,99.915,0.7000000000000028
2022-03-10 15:00:00,99.76,101.5,99.2,100.54,0.625
2022-03-11 09:00:00,102.66,102.9,98.22,98.5,-2.0400000000000063
2022-03-11 10:00:00,98.635,98.635,95.5,97.7924,-0.7075999999999993
2022-03-11 11:00:00,97.7,97.7,96,97.065,-0.7274000000000029
2022-03-11 12:00:00,97.065,97.97,96.31,96.6,-0.4650000000000034
2022-03-11 13:00:00,96.6408,97.28,96.27,96.5499,-0.05010000000000048
2022-03-11 14:00:00,96.56,97.14,93.71,93.99,-2.559899999999999
2022-03-11 15:00:00,94.06,94.74,92.69,92.69,-1.2999999999999972
2022-03-14 09:00:00,93.43,94.32,86.6401,89.12,-3.569999999999993
2022-03-14 10:00:00,89.18,90.88,85.85,85.85,-3.2700000000000102
2022-03-14 11:00:00,85.99,86.7,83.68,85.43,-0.4199999999999875
2022-03-14 12:00:00,85.43,85.79,84.2,84.28,-1.1500000000000057
2022-03-14 13:00:00,84.28,84.35,79.6,81,-3.280000000000001
2022-03-14 14:00:00,81.03,81.375,77.58,78,-3
2022-03-14 15:00:00,78,81.9099,77.66,78.0601,0.06010000000000559
2022-03-15 09:00:00,82.1,83.93,78.7201,80,1.9398999999999944
2022-03-15 10:00:00,80.015,87.56,78.68,84.06,4.060000000000002
2022-03-15 11:00:00,84.05,84.96,79.03,79.64,-4.420000000000002
2022-03-15 12:00:00,79.78,81.01,79.38,80.38,0.7399999999999949
2022-03-15 13:00:00,80.32,81.59,79.06,81.58,1.2000000000000028
2022-03-15 14:00:00,81.4939,81.8,80.52,81.78,0.20000000000000284
2022-03-15 15:00:00,81.76,83.53,81.5,82.63,0.8499999999999943
2022-03-16 09:00:00,85.11,87.5,83.285,86.205,3.575000000000003
2022-03-16 10:00:00,86.16,89.99,85.96,88.26,2.055000000000007
2022-03-16 11:00:00,88.31,89.92,87.75,89.39,1.1299999999999955
2022-03-16 12:00:00,89.365,90.01,87.62,88.28,-1.1099999999999994
2022-03-16 13:00:00,88.18,88.33,85.76,85.855,-2.424999999999997
2022-03-16 14:00:00,85.8,86.05,82,85.25,-0.605000000000004
2022-03-16 15:00:00,85.04,87,84.62,86.74,1.4899999999999949
2022-03-17 09:00:00,85.1,86.0999,83.51,86,-0.7399999999999949
2022-03-17 10:00:00,86.1,87.39,83.45,84.155,-1.8449999999999989
2022-03-17 11:00:00,84.08,86.72,83.56,86.39,2.2349999999999994
2022-03-17 12:00:00,86.4041,89.58,86.18,88.02,1.6299999999999955
2022-03-17 13:00:00,88.11,89.0846,87.5901,88.08,0.060000000000002274
2022-03-17 14:00:00,88.07,88.33,85.3801,86.735,-1.3449999999999989
2022-03-17 15:00:00,86.67,87.79,86.44,87.76,1.0250000000000057
2022-03-18 09:00:00,79.74,92.89,78.9,92.2179,4.457899999999995
2022-03-18 10:00:00,92.0665,94.27,87.56,92.16,-0.057900000000003615
2022-03-18 11:00:00,91.99,93.49,88.3101,89.38,-2.780000000000001
2022-03-18 12:00:00,89.49,92,88.68,91.85,2.469999999999999
2022-03-18 13:00:00,91.91,93.3508,91.5,91.85,0
2022-03-18 14:00:00,91.91,97.45,90.45,96.63,4.780000000000001
2022-03-18 15:00:00,96.725,96.73,90.23,90.785,-5.844999999999999
2022-03-21 09:00:00,90,93.86,89.76,92.45,1.6650000000000063
2022-03-21 10:00:00,92.35,98.11,91,94.7501,2.3001000000000005
2022-03-21 11:00:00,94.82,97.71,93.36,97.375,2.6248999999999967
2022-03-21 12:00:00,97.3833,99.3992,95.68,95.78,-1.5949999999999989
2022-03-21 13:00:00,95.78,96.27,94.1059,94.52,-1.2600000000000051
2022-03-21 14:00:00,94.71,95,92.89,93.12,-1.3999999999999915
2022-03-21 15:00:00,93.02,94.45,92.64,94.2,1.0799999999999983
2022-03-22 09:00:00,95.4,100.9,94.45,100.62,6.420000000000002
2022-03-22 10:00:00,100.58,106.74,100.3009,106.48,5.859999999999999
2022-03-22 11:00:00,106.56,109,104.57,105.9,-0.5799999999999983
2022-03-22 12:00:00,105.89,117.73,104.68,116.1512,10.251199999999997
2022-03-22 13:00:00,116.205,122.4494,115.73,119.47,3.318799999999996
2022-03-22 14:00:00,119.595,125.79,118.361,119.5718,0.10179999999999723
2022-03-22 15:00:00,119.58,125.69,118.642,123.158,3.586200000000005
2022-03-23 09:00:00,130,144,126.55,133.8779,10.71990000000001
2022-03-23 10:00:00,134.1455,142.45,132.12,134.4683,0.5903999999999883
2022-03-23 11:00:00,134.39,147.9999,133,147.0989,12.630599999999987
2022-03-23 12:00:00,146.983,150.9299,138.1,143,-4.098899999999986
2022-03-23 13:00:00,142.92,143.4999,135.11,140.23,-2.7700000000000102
2022-03-23 14:00:00,140.38,146.9799,136.31,141.68,1.450000000000017
2022-03-23 15:00:00,141.569,144.4999,135.85,142.26,0.5799999999999841
2022-03-24 09:00:00,134.015,137.11,127.04,128.22,-14.039999999999992
2022-03-24 10:00:00,128.71,131.9,126.76,129,0.7800000000000011
2022-03-24 11:00:00,128.91,134.35,128.45,131.73,2.7299999999999898
2022-03-24 12:00:00,131.715,134.4899,130.13,133.985,2.255000000000024
2022-03-24 13:00:00,134.07,138,133.12,138,4.014999999999986
2022-03-24 14:00:00,137.9861,138.34,134.7001,137,-1
2022-03-24 15:00:00,136.92,143.48,135.74,142.17,5.1699999999999875
2022-03-25 09:00:00,140.04,155,138.2,151.82,9.650000000000006
2022-03-25 10:00:00,151.82,157,147.77,155.74,3.920000000000016
2022-03-25 11:00:00,155.6475,158.1599,146.65,146.85,-8.890000000000015
2022-03-25 12:00:00,146.86,151.4,144.06,146.37,-0.47999999999998977
2022-03-25 13:00:00,146.44,149.85,146.36,148.9046,2.5345999999999833
2022-03-25 14:00:00,148.93,153.75,148.41,152.105,3.200400000000002
2022-03-25 15:00:00,152.11,152.14,148.626,151.77,-0.33499999999997954
2022-03-28 09:00:00,151.98,164.99,151.545,162.73,10.95999999999998
2022-03-28 10:00:00,162.73,167.4706,159.5,163.645,0.9150000000000205
2022-03-28 11:00:00,163.5,174.49,161.01,168.9199,5.274900000000002
2022-03-28 12:00:00,168.7,172.7399,163.7,170.42,1.500099999999975
2022-03-28 13:00:00,170.66,172.8999,166.53,172.7682,2.34820000000002
2022-03-28 14:00:00,172.7,176.57,170.5,175.33,2.561800000000005
2022-03-28 15:00:00,175.29,190.84,173.25,189.98,14.649999999999977
2022-03-29 09:00:00,188.24,199.41,172.65,175,-14.97999999999999
2022-03-29 10:00:00,175.315,179.85,163,179.79,4.789999999999992
2022-03-29 11:00:00,179.7959,184.38,175.64,182.18,2.390000000000015
2022-03-29 12:00:00,182.029,182.75,176.5,179.06,-3.1200000000000045
2022-03-29 13:00:00,179.03,188,176.33,187.01,7.949999999999989
2022-03-29 14:00:00,187.325,195.8,184.26,191.18,4.170000000000016
2022-03-29 15:00:00,191.0488,191.3,175,179.74,-11.439999999999998
2022-03-30 09:00:00,175,178.86,168.16,171.1007,-8.63930000000002
2022-03-30 10:00:00,171.205,181.05,171.0636,175.68,4.579300000000018
2022-03-30 11:00:00,175.6,178.5,173.01,177.21,1.5300000000000011
2022-03-30 12:00:00,177.1,180.49,173.99,179.59,2.3799999999999955
2022-03-30 13:00:00,179.51,183.3369,174,174.31,-5.280000000000001
2022-03-30 14:00:00,174.5004,175.87,171.2601,174.94,0.6299999999999955
2022-03-30 15:00:00,174.82,175.435,165,166.35,-8.590000000000003
2022-03-31 09:00:00,163.1,169.99,158.51,164.1149,-2.2350999999999885
2022-03-31 10:00:00,163.82,168,160.01,166.47,2.355099999999993
2022-03-31 11:00:00,166.355,166.73,160.75,163.5,-2.969999999999999
2022-03-31 12:00:00,163.4,170,163.03,168.04,4.539999999999992
2022-03-31 13:00:00,168.0572,175.745,167.6,173.2049,5.164900000000017
2022-03-31 14:00:00,173.44,174.37,169.27,173.005,-0.19990000000001373
2022-03-31 15:00:00,172.94,175.09,165.01,166.58,-6.424999999999983
2022-04-01 09:00:00,188.9,189.7688,176.1,179.58,13
2022-04-01 10:00:00,179.8,182,170.33,170.54,-9.04000000000002
2022-04-01 11:00:00,170.39,177.67,168.33,175.34,4.800000000000011
2022-04-01 12:00:00,175.15,176.76,172.44,173.5737,-1.766300000000001
2022-04-01 13:00:00,173.43,173.82,165.25,165.88,-7.693700000000007
2022-04-01 14:00:00,165.81,166.37,155.26,158.2901,-7.5899
2022-04-01 15:00:00,158.29,166.405,158.01,164.83,6.539900000000017
2022-04-04 09:00:00,166.98,168.105,159.32,162.32,-2.5100000000000193
2022-04-04 10:00:00,162.085,162.9999,156.51,161.16,-1.1599999999999966
2022-04-04 11:00:00,161.05,169.25,161,167.41,6.25
2022-04-04 12:00:00,167.25,168.9699,165.03,168.24,0.8300000000000125
2022-04-04 13:00:00,168.33,171.77,167.561,169.82,1.579999999999984
2022-04-04 14:00:00,169.36,170.45,167.311,169.58,-0.23999999999998067
2022-04-04 15:00:00,169.4594,173.24,167.56,170.62,1.039999999999992
2022-04-05 09:00:00,168,168.43,162.6,163.9175,-6.702500000000015
2022-04-05 10:00:00,164.0431,164.2499,158.86,160,-3.9174999999999898
2022-04-05 11:00:00,159.7,160.989,155.7,156.5104,-3.489599999999996
2022-04-05 12:00:00,156.3826,158.0494,154.1,158.0494,1.5389999999999873
2022-04-05 13:00:00,158.06,159.32,155.2,155.53,-2.5193999999999903
2022-04-05 14:00:00,155.5,156.92,154,154.2738,-1.2562000000000069
2022-04-05 15:00:00,154.44,154.67,152,153.685,-0.588799999999992
2022-04-06 09:00:00,151.01,157.68,149.7,155.22,1.5349999999999966
2022-04-06 10:00:00,155.09,159.2873,151.5,153.33,-1.8899999999999864
2022-04-06 11:00:00,153.3122,155.5496,152.38,153.945,0.6149999999999807
2022-04-06 12:00:00,153.9,154.31,151.11,151.1277,-2.817299999999989
2022-04-06 13:00:00,151.255,155.49,151.01,154.2521,3.1244000000000085
2022-04-06 14:00:00,154,157,151.32,156.8137,2.5615999999999985
2022-04-06 15:00:00,156.6812,158.61,154.7787,156.205,-0.6086999999999989
Downloaded from Barchart.com as of 04-07-2022 06:07am CDT