"Symbol: ZWK22",,,,,
"Date Time","Open","High","Low","Close","Change"
2022-02-14 06:00:00,809.75,810,791.5,793.25,0
2022-02-14 07:00:00,793.25,798.25,790.5,793,-0.25
2022-02-14 08:00:00,792.75,795.5,787.5,794.75,1.75
2022-02-14 09:00:00,795,798,788.75,793.75,-1
2022-02-14 10:00:00,793.75,799.75,793.25,796,2.25
2022-02-14 11:00:00,796.25,797.25,794.25,795.25,-0.75
2022-02-14 12:00:00,795,806.25,793,806,10.75
2022-02-14 13:00:00,805.75,807.75,802.5,807,1
2022-02-14 19:00:00,807.75,808.5,799.25,802.75,-4.25
2022-02-14 20:00:00,802.25,803.5,800,801,-1.75
2022-02-14 21:00:00,800.75,800.75,798,798.5,-2.5
2022-02-14 22:00:00,798,799.25,798,799.25,0.75
2022-02-14 23:00:00,799,799,796.75,797.5,-1.75
2022-02-15 00:00:00,797.25,797.5,793.75,794.75,-2.75
2022-02-15 01:00:00,794,795.75,790.25,793.5,-1.25
2022-02-15 02:00:00,793.5,794.75,789.25,792,-1.5
2022-02-15 03:00:00,792,792,787.5,789.25,-2.75
2022-02-15 04:00:00,789,789,783.75,785.75,-3.5
2022-02-15 05:00:00,785.75,788.5,784.75,785.75,0
2022-02-15 06:00:00,785.5,790.5,785.25,789.5,3.75
2022-02-15 07:00:00,789.5,789.5,786.75,788.5,-1
2022-02-15 08:00:00,787.75,790.25,782.25,786,-2.5
2022-02-15 09:00:00,786,787.5,779.5,780.75,-5.25
2022-02-15 10:00:00,780.75,790.75,780,786.75,6
2022-02-15 11:00:00,787,791,785.5,786.5,-0.25
2022-02-15 12:00:00,786.5,787.75,784,787,0.5
2022-02-15 13:00:00,787,789,783.25,784,-3
2022-02-15 19:00:00,785,786.75,783.75,785.5,1.5
2022-02-15 20:00:00,785.25,789.25,785,789,3.5
2022-02-15 21:00:00,789,790,789,789.5,0.5
2022-02-15 22:00:00,790,791,788.75,791,1.5
2022-02-15 23:00:00,790.75,791.25,790,791.25,0.25
2022-02-16 00:00:00,791.25,792.25,790,791.5,0.25
2022-02-16 01:00:00,792,792.5,788.5,790.5,-1
2022-02-16 02:00:00,790.75,793,789.75,791,0.5
2022-02-16 03:00:00,791.5,791.5,788,788.5,-2.5
2022-02-16 04:00:00,788.25,790.5,787.5,788.25,-0.25
2022-02-16 05:00:00,788.75,789,785.5,788.5,0.25
2022-02-16 06:00:00,788.75,790,786.25,789.5,1
2022-02-16 07:00:00,789,789.25,785,786,-3.5
2022-02-16 08:00:00,786.75,787,779.75,783,-3
2022-02-16 09:00:00,782.5,788.5,779.5,788,5
2022-02-16 10:00:00,788,790.75,784.75,785.25,-2.75
2022-02-16 11:00:00,785.25,787,784.5,786.25,1
2022-02-16 12:00:00,786.5,790.75,786.5,788,1.75
2022-02-16 13:00:00,788,788.75,783.75,784.5,-3.5
2022-02-16 19:00:00,786,786.25,782.75,784,-0.5
2022-02-16 20:00:00,784,784.25,782.75,783,-1
2022-02-16 21:00:00,783,785.25,781.75,782,-1
2022-02-16 22:00:00,781.5,798.75,781.5,795,13
2022-02-16 23:00:00,795,797,791.5,793.75,-1.25
2022-02-17 00:00:00,793.5,796,793,793.75,0
2022-02-17 01:00:00,793.75,796,793,795.5,1.75
2022-02-17 02:00:00,795.5,798,792.5,794.75,-0.75
2022-02-17 03:00:00,794.5,798,793.5,794.5,-0.25
2022-02-17 04:00:00,795,795.25,789.5,790.25,-4.25
2022-02-17 05:00:00,790,792.5,788.75,788.75,-1.5
2022-02-17 06:00:00,788.75,790.25,786.75,790.25,1.5
2022-02-17 07:00:00,790.5,796,790.25,795,4.75
2022-02-17 08:00:00,793,803,792.25,801.5,6.5
2022-02-17 09:00:00,801.5,804.75,797.75,798.25,-3.25
2022-02-17 10:00:00,798,802.25,795.75,799,0.75
2022-02-17 11:00:00,799,802.75,799,800.75,1.75
2022-02-17 12:00:00,800.75,804.75,800.75,803,2.25
2022-02-17 13:00:00,803,805.5,802.75,803.75,0.75
2022-02-17 19:00:00,804.25,805.75,801.25,801.5,-2.25
2022-02-17 20:00:00,801.25,801.5,797.5,797.75,-3.75
2022-02-17 21:00:00,797.75,798.5,797,797.75,0
2022-02-17 22:00:00,798,799.25,797.25,798.25,0.5
2022-02-17 23:00:00,797.5,799.25,797,798.75,0.5
2022-02-18 00:00:00,798.5,800,797.75,798.25,-0.5
2022-02-18 01:00:00,798.25,800.25,797.5,799.25,1
2022-02-18 02:00:00,799.25,799.5,798,798.75,-0.5
2022-02-18 03:00:00,798.5,800.25,797,800,1.25
2022-02-18 04:00:00,799.75,801.5,799.5,801.25,1.25
2022-02-18 05:00:00,801.25,804,801,801.75,0.5
2022-02-18 06:00:00,801.75,802.75,801,802,0.25
2022-02-18 07:00:00,802.25,809,802,806.25,4.25
2022-02-18 08:00:00,805.75,814,805,809.75,3.5
2022-02-18 09:00:00,809.75,812.25,805.75,809.5,-0.25
2022-02-18 10:00:00,809.5,817,808.75,809.75,0.25
2022-02-18 11:00:00,809.75,818.75,809.5,817.75,8
2022-02-18 12:00:00,817.75,818.75,811,811,-6.75
2022-02-18 13:00:00,811.25,812.75,800.25,800.25,-10.75
2022-02-21 19:00:00,823.75,827.25,819.75,821,20.75
2022-02-21 20:00:00,820.75,821,817.5,820.25,-0.75
2022-02-21 21:00:00,820,822.25,819.25,820.5,0.25
2022-02-21 22:00:00,820.5,820.75,818,820,-0.5
2022-02-21 23:00:00,819.75,822.25,819,821.25,1.25
2022-02-22 00:00:00,821.25,822.5,820.25,822.25,1
2022-02-22 01:00:00,822.25,825.25,821,825,2.75
2022-02-22 02:00:00,824.75,831,824.5,828.5,3.5
2022-02-22 03:00:00,828.25,831.75,826.5,828.25,-0.25
2022-02-22 04:00:00,828.5,831.25,824.25,826.5,-1.75
2022-02-22 05:00:00,826.25,827.5,819.5,821.25,-5.25
2022-02-22 06:00:00,821.75,824.25,814,815,-6.25
2022-02-22 07:00:00,815,817,811.75,815.5,0.5
2022-02-22 08:00:00,815.5,821.25,810.75,817.5,2
2022-02-22 09:00:00,817.5,822,812.25,815.5,-2
2022-02-22 10:00:00,815.5,823.25,813.5,821.5,6
2022-02-22 11:00:00,821.5,837.75,821,836.25,14.75
2022-02-22 12:00:00,836,851.5,836,849,12.75
2022-02-22 13:00:00,849,854,847.75,848.5,-0.5
2022-02-22 19:00:00,849,850.5,845,846.25,-2.25
2022-02-22 20:00:00,846.25,850,846,848.25,2
2022-02-22 21:00:00,848.25,848.5,846,846.75,-1.5
2022-02-22 22:00:00,846.75,847.25,844.5,845,-1.75
2022-02-22 23:00:00,845.25,848,844.5,847.25,2.25
2022-02-23 00:00:00,847,847,843.5,844.25,-3
2022-02-23 01:00:00,844.25,845.25,842.75,844.75,0.5
2022-02-23 02:00:00,845,850.5,844.75,850.5,5.75
2022-02-23 03:00:00,850.25,853.25,848.25,849,-1.5
2022-02-23 04:00:00,849,851.75,846.5,851,2
2022-02-23 05:00:00,851,852,849,849.5,-1.5
2022-02-23 06:00:00,849.5,856,847.75,854.5,5
2022-02-23 07:00:00,854.5,858.25,853.75,856.25,1.75
2022-02-23 08:00:00,856,867,854.5,865.5,9.25
2022-02-23 09:00:00,865.5,872.75,859.25,867.5,2
2022-02-23 10:00:00,867.5,874.75,866.25,871.5,4
2022-02-23 11:00:00,871.25,886,870.25,878.25,6.75
2022-02-23 12:00:00,878.5,888.75,878.25,885.75,7.5
2022-02-23 13:00:00,885.75,888.5,881.75,883.25,-2.5
2022-02-23 19:00:00,891.5,905.75,885.5,903,19.75
2022-02-23 20:00:00,902.75,914,901.25,909.5,6.5
2022-02-23 21:00:00,909,934.75,909,934.75,25.25
2022-02-23 22:00:00,934.75,934.75,923.25,932.75,-2
2022-02-23 23:00:00,932.5,934.75,931.25,934.75,2
2022-02-24 00:00:00,934.75,934.75,934.25,934.75,0
2022-02-24 01:00:00,934.75,934.75,934.75,934.75,0
2022-02-24 02:00:00,934.75,934.75,934.75,934.75,0
2022-02-24 03:00:00,934.75,934.75,934.75,934.75,0
2022-02-24 04:00:00,934.75,934.75,934.75,934.75,0
2022-02-24 05:00:00,934.75,934.75,934.75,934.75,0
2022-02-24 06:00:00,934.75,934.75,934.75,934.75,0
2022-02-24 07:00:00,934.75,934.75,934.75,934.75,0
2022-02-24 08:00:00,934.75,934.75,910,932,-2.75
2022-02-24 09:00:00,932,934.75,930.25,934.75,2.75
2022-02-24 10:00:00,934.75,934.75,922,931.5,-3.25
2022-02-24 11:00:00,931.5,934.75,919.25,934.75,3.25
2022-02-24 12:00:00,934.75,934.75,923.5,930.5,-4.25
2022-02-24 13:00:00,930.5,934.75,930,932.75,2.25
2022-02-24 19:00:00,930.25,960.75,928,947.75,15
2022-02-24 20:00:00,948,951.25,945,947,-0.75
2022-02-24 21:00:00,947,948,941,943.5,-3.5
2022-02-24 22:00:00,943.25,943.75,938,941.25,-2.25
2022-02-24 23:00:00,941,945,941,944.5,3.25
2022-02-25 00:00:00,944.75,945.75,940.25,941.25,-3.25
2022-02-25 01:00:00,941.25,943,930,930.25,-11
2022-02-25 02:00:00,930,935.5,906.75,915.5,-14.75
2022-02-25 03:00:00,915.25,917.25,892,900,-15.5
2022-02-25 04:00:00,898.25,901.5,893.25,899,-1
2022-02-25 05:00:00,899.25,911.5,893.25,909.5,10.5
2022-02-25 06:00:00,908.75,913,901.5,904.25,-5.25
2022-02-25 07:00:00,904,909.5,890,890.5,-13.75
2022-02-25 08:00:00,891.5,900.25,875.25,876.75,-13.75
2022-02-25 09:00:00,876.5,882.75,866.5,874.25,-2.5
2022-02-25 10:00:00,874.5,875.25,859.75,859.75,-14.5
2022-02-25 11:00:00,859.75,862.75,859.75,860.5,0.75
2022-02-25 12:00:00,860,864.75,859.75,859.75,-0.75
2022-02-25 13:00:00,859.75,859.75,859.75,859.75,0
2022-02-27 19:00:00,930.25,934.75,908.75,915.25,55.5
2022-02-27 20:00:00,915.5,916,905.25,908.25,-7
2022-02-27 21:00:00,908,910.75,903,909.75,1.5
2022-02-27 22:00:00,909.5,912,908.25,910,0.25
2022-02-27 23:00:00,909.75,910,905.5,907.75,-2.25
2022-02-28 00:00:00,908,915,907,912,4.25
2022-02-28 01:00:00,911.75,917,896,898,-14
2022-02-28 02:00:00,898,902,895.25,895.25,-2.75
2022-02-28 03:00:00,895.5,907.5,894.75,905,9.75
2022-02-28 04:00:00,905,911,904,906.5,1.5
2022-02-28 05:00:00,906.25,910.5,902.5,907,0.5
2022-02-28 06:00:00,907.25,908.5,901.5,906.75,-0.25
2022-02-28 07:00:00,907.25,915,904.75,905.5,-1.25
2022-02-28 08:00:00,905.25,906.5,892.5,896.25,-9.25
2022-02-28 09:00:00,896.25,909.25,885.5,893.25,-3
2022-02-28 10:00:00,893.5,927.75,893,927.5,34.25
2022-02-28 11:00:00,927.25,932,917,927,-0.5
2022-02-28 12:00:00,927,933,926,930.75,3.75
2022-02-28 13:00:00,930.75,934.75,928.75,934.75,4
2022-02-28 19:00:00,934.5,954.75,932.25,948.25,13.5
2022-02-28 20:00:00,948,952.25,944,948.25,0
2022-02-28 21:00:00,948.5,949.25,938.75,944,-4.25
2022-02-28 22:00:00,944.25,947.5,941.5,943.25,-0.75
2022-02-28 23:00:00,943.5,950,943.25,948.5,5.25
2022-03-01 00:00:00,948.5,957,948.5,953.5,5
2022-03-01 01:00:00,953.5,959.25,951,958.5,5
2022-03-01 02:00:00,958.75,972.5,957.75,969,10.5
2022-03-01 03:00:00,968.75,981.75,967,978.5,9.5
2022-03-01 04:00:00,979.25,982.5,973.25,982.5,4
2022-03-01 05:00:00,982.25,983.25,973.5,978.5,-4
2022-03-01 06:00:00,978.75,984,978.75,982.75,4.25
2022-03-01 07:00:00,983.25,984,982.25,982.75,0
2022-03-01 08:00:00,983,984,981.5,984,1.25
2022-03-01 09:00:00,984,984,982.25,984,0
2022-03-01 10:00:00,984,984,984,984,0
2022-03-01 11:00:00,984,984,984,984,0
2022-03-01 12:00:00,984,984,984,984,0
2022-03-01 13:00:00,984,984,984,984,0
2022-03-01 19:00:00,1014,1023,997,1010.5,26.5
2022-03-01 20:00:00,1010,1019.5,1003.75,1006,-4.5
2022-03-01 21:00:00,1006,1013.5,1003.5,1004.25,-1.75
2022-03-01 22:00:00,1004,1007.25,1000,1005.75,1.5
2022-03-01 23:00:00,1005.5,1013.75,1004.5,1012,6.25
2022-03-02 00:00:00,1012.5,1031.5,1011.25,1031.5,19.5
2022-03-02 01:00:00,1031.5,1059,1030.25,1059,27.5
2022-03-02 02:00:00,1059,1059,1059,1059,0
2022-03-02 03:00:00,1059,1059,1059,1059,0
2022-03-02 04:00:00,1059,1059,1029.5,1051,-8
2022-03-02 05:00:00,1050.5,1051.75,985.25,1037.5,-13.5
2022-03-02 06:00:00,1037,1059,1027.5,1058.75,21.25
2022-03-02 07:00:00,1059,1059,1057,1059,0.25
2022-03-02 08:00:00,1057,1059,1050,1059,0
2022-03-02 09:00:00,1059,1059,1059,1059,0
2022-03-02 10:00:00,1059,1059,1059,1059,0
2022-03-02 11:00:00,1059,1059,1059,1059,0
2022-03-02 12:00:00,1059,1059,1059,1059,0
2022-03-02 13:00:00,1059,1059,1059,1059,0
2022-03-02 19:00:00,1071.5,1133.75,1070,1115.5,56.5
2022-03-02 20:00:00,1115.5,1119.5,1105,1115.75,0.25
2022-03-02 21:00:00,1115.75,1134,1112.25,1131,15.25
2022-03-02 22:00:00,1131.25,1134,1130.25,1134,3
2022-03-02 23:00:00,1134,1134,1134,1134,0
2022-03-03 00:00:00,1134,1134,1134,1134,0
2022-03-03 01:00:00,1134,1134,1134,1134,0
2022-03-03 02:00:00,1134,1134,1128.5,1134,0
2022-03-03 03:00:00,1134,1134,1121.5,1132.25,-1.75
2022-03-03 04:00:00,1132,1134,1096.5,1107.25,-25
2022-03-03 05:00:00,1107.25,1130,1106.75,1114.25,7
2022-03-03 06:00:00,1114.25,1134,1109.5,1130.5,16.25
2022-03-03 07:00:00,1130.75,1132.5,1125.25,1126.5,-4
2022-03-03 08:00:00,1133.5,1134,1121.75,1134,7.5
2022-03-03 09:00:00,1134,1134,1134,1134,0
2022-03-03 10:00:00,1134,1134,1134,1134,0
2022-03-03 11:00:00,1134,1134,1134,1134,0
2022-03-03 12:00:00,1134,1134,1134,1134,0
2022-03-03 13:00:00,1134,1134,1134,1134,0
2022-03-03 19:00:00,1209,1209,1209,1209,75
2022-03-03 20:00:00,1209,1209,1209,1209,0
2022-03-03 21:00:00,1209,1209,1209,1209,0
2022-03-03 22:00:00,1209,1209,1209,1209,0
2022-03-03 23:00:00,1209,1209,1209,1209,0
2022-03-04 00:00:00,1209,1209,1209,1209,0
2022-03-04 01:00:00,1209,1209,1209,1209,0
2022-03-04 02:00:00,1209,1209,1209,1209,0
2022-03-04 03:00:00,1209,1209,1209,1209,0
2022-03-04 04:00:00,1209,1209,1209,1209,0
2022-03-04 05:00:00,1209,1209,1209,1209,0
2022-03-04 06:00:00,1209,1209,1209,1209,0
2022-03-04 07:00:00,1209,1209,1209,1209,0
2022-03-04 08:00:00,1209,1209,1209,1209,0
2022-03-04 09:00:00,1209,1209,1209,1209,0
2022-03-04 10:00:00,1209,1209,1209,1209,0
2022-03-04 11:00:00,1209,1209,1209,1209,0
2022-03-04 12:00:00,1209,1209,1209,1209,0
2022-03-04 13:00:00,1209,1209,1209,1209,0
2022-03-06 19:00:00,1294,1294,1294,1294,85
2022-03-06 20:00:00,1294,1294,1294,1294,0
2022-03-06 21:00:00,1294,1294,1294,1294,0
2022-03-06 22:00:00,1294,1294,1294,1294,0
2022-03-06 23:00:00,1294,1294,1294,1294,0
2022-03-07 00:00:00,1294,1294,1294,1294,0
2022-03-07 01:00:00,1294,1294,1294,1294,0
2022-03-07 02:00:00,1294,1294,1294,1294,0
2022-03-07 03:00:00,1294,1294,1294,1294,0
2022-03-07 04:00:00,1294,1294,1294,1294,0
2022-03-07 05:00:00,1294,1294,1294,1294,0
2022-03-07 06:00:00,1294,1294,1294,1294,0
2022-03-07 07:00:00,1294,1294,1294,1294,0
2022-03-07 08:00:00,1294,1294,1294,1294,0
2022-03-07 09:00:00,1294,1294,1294,1294,0
2022-03-07 10:00:00,1294,1294,1294,1294,0
2022-03-07 11:00:00,1294,1294,1294,1294,0
2022-03-07 12:00:00,1294,1294,1294,1294,0
2022-03-07 13:00:00,1294,1294,1294,1294,0
2022-03-07 19:00:00,1363.5,1363.5,1202,1209.5,-84.5
2022-03-07 20:00:00,1209.5,1259.5,1208,1252,42.5
2022-03-07 21:00:00,1252.75,1280,1233,1270,18
2022-03-07 22:00:00,1270,1311.75,1266.75,1311.5,41.5
2022-03-07 23:00:00,1311.5,1333.75,1300.25,1323,11.5
2022-03-08 00:00:00,1323,1341.75,1312.75,1338.25,15.25
2022-03-08 01:00:00,1337.5,1340,1295,1298.5,-39.75
2022-03-08 02:00:00,1299,1333.5,1295,1303.75,5.25
2022-03-08 03:00:00,1303.75,1306.25,1226.25,1279.75,-24
2022-03-08 04:00:00,1279.75,1295.75,1258.75,1290.75,11
2022-03-08 05:00:00,1290,1335,1288.25,1321.25,30.5
2022-03-08 06:00:00,1321.25,1323,1278.5,1291.5,-29.75
2022-03-08 07:00:00,1293,1330,1293,1329.25,37.75
2022-03-08 08:00:00,1324.5,1325.75,1281,1285.5,-43.75
2022-03-08 09:00:00,1285.75,1292,1236,1245.5,-40
2022-03-08 10:00:00,1245.25,1246,1208.25,1216.5,-29
2022-03-08 11:00:00,1216.25,1225,1164,1164,-52.5
2022-03-08 12:00:00,1164,1356.75,1164,1300.75,136.75
2022-03-08 13:00:00,1296.25,1315.75,1274.25,1280.5,-20.25
2022-03-08 19:00:00,1284.5,1285,1225,1235,-45.5
2022-03-08 20:00:00,1233,1265.5,1232.25,1265.5,30.5
2022-03-08 21:00:00,1264.25,1265.75,1246,1246,-19.5
2022-03-08 22:00:00,1247.75,1252.25,1227.25,1230.75,-15.25
2022-03-08 23:00:00,1229.5,1251.25,1228,1248,17.25
2022-03-09 00:00:00,1249,1265,1241.25,1263.75,15.75
2022-03-09 01:00:00,1263.75,1264.25,1247,1248.75,-15
2022-03-09 02:00:00,1250,1251.75,1243,1244,-4.75
2022-03-09 03:00:00,1244.5,1257.75,1232,1236.25,-7.75
2022-03-09 04:00:00,1238.75,1239,1207.5,1214.25,-22
2022-03-09 05:00:00,1214.75,1221,1201.5,1209,-5.25
2022-03-09 06:00:00,1209.75,1263,1209,1258,49
2022-03-09 07:00:00,1257.5,1258.75,1218.5,1229,-29
2022-03-09 08:00:00,1214.5,1235.75,1203.25,1205.25,-23.75
2022-03-09 09:00:00,1205,1216.25,1201.5,1206.25,1
2022-03-09 10:00:00,1205.75,1209,1201.5,1201.5,-4.75
2022-03-09 11:00:00,1201.5,1201.5,1201.5,1201.5,0
2022-03-09 12:00:00,1201.5,1201.5,1201.5,1201.5,0
2022-03-09 13:00:00,1201.5,1201.5,1201.5,1201.5,0
2022-03-09 19:00:00,1151,1153.75,1109,1151.75,-49.75
2022-03-09 20:00:00,1151.5,1154,1134.5,1139.75,-12
2022-03-09 21:00:00,1138.25,1144.75,1138.25,1140,0.25
2022-03-09 22:00:00,1140.25,1142,1137.25,1138,-2
2022-03-09 23:00:00,1139.25,1144.75,1137.75,1141.5,3.5
2022-03-10 00:00:00,1141.25,1143.75,1138.25,1142.5,1
2022-03-10 01:00:00,1143,1149,1140.5,1149,6.5
2022-03-10 02:00:00,1148.25,1164.25,1140.25,1145.25,-3.75
2022-03-10 03:00:00,1145,1152,1129.5,1152,6.75
2022-03-10 04:00:00,1152.5,1196,1151,1196,44
2022-03-10 05:00:00,1196,1205,1180.5,1204,8
2022-03-10 06:00:00,1204,1221.25,1187,1196.75,-7.25
2022-03-10 07:00:00,1198.25,1214.25,1177.5,1189.5,-7.25
2022-03-10 08:00:00,1185,1191.75,1135.5,1141.25,-48.25
2022-03-10 09:00:00,1141.75,1144.5,1105.25,1106.5,-34.75
2022-03-10 10:00:00,1106.25,1116.75,1080,1098.5,-8
2022-03-10 11:00:00,1098.75,1127,1097,1109.25,10.75
2022-03-10 12:00:00,1109.5,1114.75,1086,1097.75,-11.5
2022-03-10 13:00:00,1097.75,1107.25,1080,1082.25,-15.5
2022-03-10 19:00:00,1082,1112.5,1075,1106.5,24.25
2022-03-10 20:00:00,1108.25,1108.5,1093.25,1101.25,-5.25
2022-03-10 21:00:00,1102.25,1110.25,1095.25,1103,1.75
2022-03-10 22:00:00,1105,1107.5,1098.25,1104,1
2022-03-10 23:00:00,1104,1109.75,1103.25,1107.25,3.25
2022-03-11 00:00:00,1106.5,1118.5,1103.75,1118,10.75
2022-03-11 01:00:00,1118.25,1121.25,1112.25,1114.75,-3.25
2022-03-11 02:00:00,1114.75,1126.25,1112.25,1122,7.25
2022-03-11 03:00:00,1121.75,1121.75,1111,1116.75,-5.25
2022-03-11 04:00:00,1116.5,1116.5,1109.25,1112.25,-4.5
2022-03-11 05:00:00,1111.75,1112.25,1084.5,1095.5,-16.75
2022-03-11 06:00:00,1095.25,1096.75,1052.75,1063.5,-32
2022-03-11 07:00:00,1064,1067.75,1055.5,1061.5,-2
2022-03-11 08:00:00,1065,1079.5,1043.25,1075.25,13.75
2022-03-11 09:00:00,1074.25,1095,1069.25,1087.75,12.5
2022-03-11 10:00:00,1087,1115.75,1081,1112.75,25
2022-03-11 11:00:00,1111.5,1116,1092.25,1105.5,-7.25
2022-03-11 12:00:00,1105.25,1113,1096.5,1111,5.5
2022-03-11 13:00:00,1110.75,1118.25,1101.5,1107,-4
2022-03-13 19:00:00,1126.25,1132.25,1108,1113,6
2022-03-13 20:00:00,1113.5,1113.75,1105.25,1112,-1
2022-03-13 21:00:00,1110.25,1111,1092,1100.5,-11.5
2022-03-13 22:00:00,1098.5,1098.5,1093,1097.25,-3.25
2022-03-13 23:00:00,1097.25,1097.25,1094,1097,-0.25
2022-03-14 00:00:00,1096.75,1097,1087.75,1089.25,-7.75
2022-03-14 01:00:00,1088.75,1097.75,1088,1097.75,8.5
2022-03-14 02:00:00,1096.5,1106.25,1094,1106.25,8.5
2022-03-14 03:00:00,1103.5,1105,1085.5,1091,-15.25
2022-03-14 04:00:00,1091.25,1103,1088.25,1091,0
2022-03-14 05:00:00,1090,1090,1068.5,1069.5,-21.5
2022-03-14 06:00:00,1070,1085,1069,1083.75,14.25
2022-03-14 07:00:00,1083.75,1084,1070.25,1070.75,-13
2022-03-14 08:00:00,1074.75,1099.75,1064,1096,25.25
2022-03-14 09:00:00,1096.75,1131.75,1072.75,1124.5,28.5
2022-03-14 10:00:00,1125.25,1148.75,1091.75,1096.25,-28.25
2022-03-14 11:00:00,1094.5,1124.75,1094.5,1108.75,12.5
2022-03-14 12:00:00,1107.75,1121.25,1095.25,1118.75,10
2022-03-14 13:00:00,1118.5,1119.75,1091,1092.25,-26.5
2022-03-14 19:00:00,1106,1110.75,1088.25,1103,10.75
2022-03-14 20:00:00,1104,1105,1094,1094.75,-8.25
2022-03-14 21:00:00,1094.75,1118,1094.75,1117.75,23
2022-03-14 22:00:00,1116.5,1116.5,1109.5,1113.75,-4
2022-03-14 23:00:00,1114,1114.5,1101.5,1106.75,-7
2022-03-15 00:00:00,1106.5,1121.75,1102.75,1117.75,11
2022-03-15 01:00:00,1117.75,1124.5,1115.25,1121.5,3.75
2022-03-15 02:00:00,1123.25,1124.25,1115.5,1116.75,-4.75
2022-03-15 03:00:00,1116.75,1130.25,1116,1129.25,12.5
2022-03-15 04:00:00,1129,1132.5,1120.75,1127.5,-1.75
2022-03-15 05:00:00,1128,1130.25,1126,1128.5,1
2022-03-15 06:00:00,1129,1129.25,1100,1103.25,-25.25
2022-03-15 07:00:00,1105,1109,1098,1105.75,2.5
2022-03-15 08:00:00,1105,1129.5,1096.5,1119.75,14
2022-03-15 09:00:00,1119.25,1140,1118,1128.75,9
2022-03-15 10:00:00,1128.75,1137.75,1115,1137.75,9
2022-03-15 11:00:00,1137.25,1153.75,1135.25,1153.75,16
2022-03-15 12:00:00,1153.5,1156.75,1141,1150.25,-3.5
2022-03-15 13:00:00,1149.75,1160.75,1149.25,1157.25,7
2022-03-15 19:00:00,1157.25,1159.5,1138.25,1138.25,-19
2022-03-15 20:00:00,1138.25,1146.5,1138.25,1144.5,6.25
2022-03-15 21:00:00,1145.25,1154,1142.75,1153,8.5
2022-03-15 22:00:00,1152.75,1154.5,1145.25,1150.5,-2.5
2022-03-15 23:00:00,1150.75,1152.75,1149.5,1152.5,2
2022-03-16 00:00:00,1153,1153.75,1147.25,1151.25,-1.25
2022-03-16 01:00:00,1151.75,1154.75,1141.5,1143.5,-7.75
2022-03-16 02:00:00,1143.75,1150.5,1140.25,1145.75,2.25
2022-03-16 03:00:00,1145,1150,1142,1145.5,-0.25
2022-03-16 04:00:00,1145.75,1145.75,1117.25,1126.25,-19.25
2022-03-16 05:00:00,1127.5,1139,1120,1126,-0.25
2022-03-16 06:00:00,1125.5,1129.75,1121.25,1126,0
2022-03-16 07:00:00,1126.25,1133.75,1122.75,1125.25,-0.75
2022-03-16 08:00:00,1125.25,1131.5,1085.75,1102.25,-23
2022-03-16 09:00:00,1102.25,1108,1069.25,1069.25,-33
2022-03-16 10:00:00,1069.25,1080,1069.25,1074.25,5
2022-03-16 11:00:00,1074.25,1074.5,1069.25,1069.25,-5
2022-03-16 12:00:00,1069.25,1072.25,1069.25,1069.25,0
2022-03-16 13:00:00,1069.25,1069.25,1069.25,1069.25,0
2022-03-16 19:00:00,1051,1064.75,1045,1062.5,-6.75
2022-03-16 20:00:00,1062.75,1064,1055.75,1055.75,-6.75
2022-03-16 21:00:00,1056.25,1059.75,1050,1050,-5.75
2022-03-16 22:00:00,1050.25,1050.25,1031.75,1034.25,-15.75
2022-03-16 23:00:00,1033.75,1040.75,1033.5,1036.25,2
2022-03-17 00:00:00,1037.25,1043.25,1035,1040,3.75
2022-03-17 01:00:00,1039,1045,1039,1045,5
2022-03-17 02:00:00,1045,1050.75,1041,1050.25,5.25
2022-03-17 03:00:00,1050,1078.25,1050,1076.25,26
2022-03-17 04:00:00,1075.75,1076.25,1062.25,1073.5,-2.75
2022-03-17 05:00:00,1073.75,1086,1066,1068.5,-5
2022-03-17 06:00:00,1068.5,1075.25,1065.5,1070.25,1.75
2022-03-17 07:00:00,1068.75,1071,1053.5,1057.5,-12.75
2022-03-17 08:00:00,1055.5,1084,1052,1079.5,22
2022-03-17 09:00:00,1078.75,1101.75,1067.5,1099,19.5
2022-03-17 10:00:00,1099,1101.75,1084.25,1088,-11
2022-03-17 11:00:00,1088,1108.25,1087,1101,13
2022-03-17 12:00:00,1100,1102.75,1086,1100.5,-0.5
2022-03-17 13:00:00,1100.25,1105,1090,1092.25,-8.25
2022-03-17 19:00:00,1095,1097.25,1082,1090,-2.25
2022-03-17 20:00:00,1088.75,1098,1088.75,1095,5
2022-03-17 21:00:00,1095.75,1106,1095.5,1102.5,7.5
2022-03-17 22:00:00,1101.25,1105.75,1099.25,1100.75,-1.75
2022-03-17 23:00:00,1103.25,1105.5,1099.75,1102.5,1.75
2022-03-18 00:00:00,1102.25,1102.25,1088,1088.75,-13.75
2022-03-18 01:00:00,1088.5,1099.5,1088.25,1098,9.25
2022-03-18 02:00:00,1096,1096,1082,1090,-8
2022-03-18 03:00:00,1090,1090,1085.5,1087.75,-2.25
2022-03-18 04:00:00,1087.5,1087.5,1078.25,1081.25,-6.5
2022-03-18 05:00:00,1081.75,1088.25,1078.5,1080.75,-0.5
2022-03-18 06:00:00,1081.5,1083.5,1076.75,1080,-0.75
2022-03-18 07:00:00,1080.25,1081.5,1073,1075.75,-4.25
2022-03-18 08:00:00,1074,1091.5,1065.5,1074.25,-1.5
2022-03-18 09:00:00,1074,1089.5,1059,1068,-6.25
2022-03-18 10:00:00,1067.75,1071.75,1055.75,1069,1
2022-03-18 11:00:00,1069.25,1073,1058.75,1064,-5
2022-03-18 12:00:00,1065.5,1072.5,1064.75,1068.75,4.75
2022-03-18 13:00:00,1069,1070,1059.5,1060,-8.75
2022-03-20 19:00:00,1075,1080,1061.75,1066.25,6.25
2022-03-20 20:00:00,1065.25,1073.25,1065.25,1071.25,5
2022-03-20 21:00:00,1070.5,1072.5,1066.25,1070,-1.25
2022-03-20 22:00:00,1070,1070,1066.5,1070,0
2022-03-20 23:00:00,1070.75,1072,1069.5,1071.75,1.75
2022-03-21 00:00:00,1071.75,1073,1071,1072.75,1
2022-03-21 01:00:00,1072,1075.25,1070.5,1071.5,-1.25
2022-03-21 02:00:00,1070.5,1077.5,1068.25,1076,4.5
2022-03-21 03:00:00,1076.5,1081.75,1075.5,1080.75,4.75
2022-03-21 04:00:00,1080.25,1083.25,1077.25,1081,0.25
2022-03-21 05:00:00,1082,1083.5,1079.25,1081.75,0.75
2022-03-21 06:00:00,1082.75,1098.25,1082.75,1098.25,16.5
2022-03-21 07:00:00,1098.25,1101,1092,1094.25,-4
2022-03-21 08:00:00,1096,1121.25,1093.5,1113.25,19
2022-03-21 09:00:00,1112.75,1148.75,1112.5,1131,17.75
2022-03-21 10:00:00,1133.25,1148.75,1125.25,1145,14
2022-03-21 11:00:00,1144.5,1148.75,1133.25,1138.5,-6.5
2022-03-21 12:00:00,1138.5,1146.5,1126.5,1131,-7.5
2022-03-21 13:00:00,1131.25,1143.5,1115,1116.75,-14.25
2022-03-21 19:00:00,1119.25,1145.75,1111,1136,19.25
2022-03-21 20:00:00,1136.5,1146,1136.25,1145.75,9.75
2022-03-21 21:00:00,1145.5,1147.5,1140.75,1144.25,-1.5
2022-03-21 22:00:00,1144.5,1147.5,1142,1145.25,1
2022-03-21 23:00:00,1145.5,1159,1145,1155.5,10.25
2022-03-22 00:00:00,1155.5,1164.75,1152,1162,6.5
2022-03-22 01:00:00,1163.5,1168,1158.25,1161.25,-0.75
2022-03-22 02:00:00,1161,1161,1147,1148.5,-12.75
2022-03-22 03:00:00,1148.5,1150,1120,1130.5,-18
2022-03-22 04:00:00,1130.25,1154.5,1127.25,1152.5,22
2022-03-22 05:00:00,1152,1166.5,1147.5,1164.25,11.75
2022-03-22 06:00:00,1164.75,1169.25,1151.75,1151.75,-12.5
2022-03-22 07:00:00,1152.75,1157.5,1146.25,1157,5.25
2022-03-22 08:00:00,1153,1154.5,1121,1136.5,-20.5
2022-03-22 09:00:00,1135.5,1136,1114,1118,-18.5
2022-03-22 10:00:00,1118.75,1120,1102.25,1111,-7
2022-03-22 11:00:00,1110.5,1123.75,1104.5,1118.75,7.75
2022-03-22 12:00:00,1118,1124.25,1107.75,1119.75,1
2022-03-22 13:00:00,1119.5,1122,1112.5,1120,0.25
2022-03-22 19:00:00,1119.25,1121,1109,1117.5,-2.5
2022-03-22 20:00:00,1116,1118,1110,1113.75,-3.75
2022-03-22 21:00:00,1113.5,1123.75,1113.5,1117,3.25
2022-03-22 22:00:00,1117.5,1124,1117.5,1121.5,4.5
2022-03-22 23:00:00,1121,1124,1120,1123.75,2.25
2022-03-23 00:00:00,1122.25,1123.75,1115.25,1119.5,-4.25
2022-03-23 01:00:00,1119.5,1121.25,1112,1113.25,-6.25
2022-03-23 02:00:00,1113.5,1121,1111.5,1119,5.75
2022-03-23 03:00:00,1120,1124,1118,1123.5,4.5
2022-03-23 04:00:00,1123,1129.75,1122.5,1129.75,6.25
2022-03-23 05:00:00,1130,1138.5,1130,1134,4.25
2022-03-23 06:00:00,1133.75,1139,1133.75,1134,0
2022-03-23 07:00:00,1134.5,1135,1130.75,1134.5,0.5
2022-03-23 08:00:00,1136.5,1138.75,1119,1135.5,1
2022-03-23 09:00:00,1136.25,1138,1105.75,1113.5,-22
2022-03-23 10:00:00,1113.25,1120,1101,1108.75,-4.75
2022-03-23 11:00:00,1108.25,1116.75,1104.75,1114.25,5.5
2022-03-23 12:00:00,1114.25,1119.25,1108.75,1111,-3.25
2022-03-23 13:00:00,1110.75,1113,1104,1104.75,-6.25
2022-03-23 19:00:00,1105.75,1115,1105.25,1112.75,8
2022-03-23 20:00:00,1113,1114,1102.5,1107,-5.75
2022-03-23 21:00:00,1107.5,1107.5,1100.25,1100.25,-6.75
2022-03-23 22:00:00,1101.75,1101.75,1090.25,1090.5,-9.75
2022-03-23 23:00:00,1090.25,1091.25,1083.25,1088,-2.5
2022-03-24 00:00:00,1087,1090.75,1087,1089,1
2022-03-24 01:00:00,1089,1089,1080.5,1082.75,-6.25
2022-03-24 02:00:00,1084,1093.75,1081,1093.5,10.75
2022-03-24 03:00:00,1093.5,1106.25,1092,1101.5,8
2022-03-24 04:00:00,1100.5,1103.75,1093.5,1097.5,-4
2022-03-24 05:00:00,1098.25,1098.5,1087.75,1097.75,0.25
2022-03-24 06:00:00,1096.5,1096.5,1084,1089.75,-8
2022-03-24 07:00:00,1090.5,1099.25,1088.5,1091.5,1.75
2022-03-24 08:00:00,1092.5,1097.5,1084.25,1091.75,0.25
2022-03-24 09:00:00,1091,1103,1080.5,1102.75,11
2022-03-24 10:00:00,1102.75,1103,1086.75,1091.25,-11.5
2022-03-24 11:00:00,1090.75,1098,1087.5,1090.75,-0.5
2022-03-24 12:00:00,1090.75,1096.5,1086.5,1092,1.25
2022-03-24 13:00:00,1091.75,1092.5,1084,1085.75,-6.25
2022-03-24 19:00:00,1089.5,1094,1085.25,1092.5,6.75
2022-03-24 20:00:00,1091.5,1095.75,1089,1095.25,2.75
2022-03-24 21:00:00,1095.25,1096.5,1091,1091,-4.25
2022-03-24 22:00:00,1091,1094.5,1089.25,1093.5,2.5
2022-03-24 23:00:00,1092.5,1093,1088,1092,-1.5
2022-03-25 00:00:00,1091,1092.75,1088.25,1091.75,-0.25
2022-03-25 01:00:00,1092,1094.25,1086.25,1090,-1.75
2022-03-25 02:00:00,1088.75,1089.5,1078.75,1080,-10
2022-03-25 03:00:00,1079.25,1080.5,1064.75,1072,-8
2022-03-25 04:00:00,1071.25,1078.75,1069.75,1074.75,2.75
2022-03-25 05:00:00,1075,1086.25,1074,1079.75,5
2022-03-25 06:00:00,1079.75,1091,1076.5,1090,10.25
2022-03-25 07:00:00,1090.5,1097.5,1086.5,1094.5,4.5
2022-03-25 08:00:00,1092.5,1099.5,1089.75,1094,-0.5
2022-03-25 09:00:00,1093.75,1096,1076.25,1081,-13
2022-03-25 10:00:00,1081,1090.75,1081,1088.5,7.5
2022-03-25 11:00:00,1088.5,1109,1087,1105.5,17
2022-03-25 12:00:00,1105.25,1106.5,1100.5,1104.5,-1
2022-03-25 13:00:00,1104.5,1105.75,1098.5,1099.75,-4.75
2022-03-27 19:00:00,1092.75,1096,1072.5,1073.25,-26.5
2022-03-27 20:00:00,1074,1078,1072.25,1077.5,4.25
2022-03-27 21:00:00,1077,1077,1071,1072.5,-5
2022-03-27 22:00:00,1072.5,1075.25,1071.75,1075.25,2.75
2022-03-27 23:00:00,1074,1078.25,1073.5,1075.75,0.5
2022-03-28 00:00:00,1076,1076.25,1070.75,1071.25,-4.5
2022-03-28 01:00:00,1071,1076,1070.75,1075.5,4.25
2022-03-28 02:00:00,1075.25,1077.25,1072.25,1074,-1.5
2022-03-28 03:00:00,1074.75,1080,1073.75,1075.5,1.5
2022-03-28 04:00:00,1075.25,1075.25,1062.25,1064.75,-10.75
2022-03-28 05:00:00,1064.75,1067.75,1059.25,1065.25,0.5
2022-03-28 06:00:00,1065.25,1066.5,1055,1055.75,-9.5
2022-03-28 07:00:00,1056,1063,1055.5,1062,6.25
2022-03-28 08:00:00,1061.25,1063.5,1049.5,1053.75,-8.25
2022-03-28 09:00:00,1054,1063,1047,1051.25,-2.5
2022-03-28 10:00:00,1051,1062.25,1047.25,1059.75,8.5
2022-03-28 11:00:00,1059.75,1059.75,1047.25,1056,-3.75
2022-03-28 12:00:00,1055.5,1061,1055,1058.25,2.25
2022-03-28 13:00:00,1058,1060.75,1050.25,1050.25,-8
2022-03-28 19:00:00,1047,1056.75,1044.25,1048,-2.25
2022-03-28 20:00:00,1047.75,1049.5,1045,1045.5,-2.5
2022-03-28 21:00:00,1046.25,1049.75,1043.5,1049.5,4
2022-03-28 22:00:00,1050.25,1054.25,1050,1053,3.5
2022-03-28 23:00:00,1052.75,1054,1052.5,1052.5,-0.5
2022-03-29 00:00:00,1052.5,1059,1052.5,1056.75,4.25
2022-03-29 01:00:00,1057,1067.5,1056,1059,2.25
2022-03-29 02:00:00,1060.5,1068.25,1057.25,1058.5,-0.5
2022-03-29 03:00:00,1058.5,1063,1054.25,1060,1.5
2022-03-29 04:00:00,1060.5,1063.5,1038.5,1043,-17
2022-03-29 05:00:00,1043.25,1049,1039.75,1043.5,0.5
2022-03-29 06:00:00,1043.5,1047.5,1017,1020.75,-22.75
2022-03-29 07:00:00,1021,1021.5,973.25,979.5,-41.25
2022-03-29 08:00:00,984,985,972,979.5,0
2022-03-29 09:00:00,981,1015.25,978,1007.25,27.75
2022-03-29 10:00:00,1007,1026.75,1006.75,1012,4.75
2022-03-29 11:00:00,1011.75,1017.5,1002.5,1015,3
2022-03-29 12:00:00,1015.25,1024,1011.25,1022.25,7.25
2022-03-29 13:00:00,1022.5,1023.25,1011.5,1012.5,-9.75
2022-03-29 19:00:00,1015,1022,1002.75,1004.5,-8
2022-03-29 20:00:00,1005.5,1010.5,1002.25,1010.5,6
2022-03-29 21:00:00,1008.75,1009.75,1006,1006.5,-4
2022-03-29 22:00:00,1006.5,1012,1006.25,1011,4.5
2022-03-29 23:00:00,1010,1018,1010,1017.5,6.5
2022-03-30 00:00:00,1017.25,1021.75,1016.75,1019.5,2
2022-03-30 01:00:00,1018.5,1019.75,1013.5,1019,-0.5
2022-03-30 02:00:00,1018.5,1021.5,1017,1020,1
2022-03-30 03:00:00,1019.75,1020.25,1008.75,1011.25,-8.75
2022-03-30 04:00:00,1012,1016.5,1008.25,1009.25,-2
2022-03-30 05:00:00,1009.5,1012.25,1005.25,1007,-2.25
2022-03-30 06:00:00,1007.75,1016.25,1006.75,1012.75,5.75
2022-03-30 07:00:00,1012,1036,1012,1029.5,16.75
2022-03-30 08:00:00,1026.25,1040.25,1025,1031.75,2.25
2022-03-30 09:00:00,1032.25,1040.5,1025.5,1036,4.25
2022-03-30 10:00:00,1035.25,1038.5,1029,1034,-2
2022-03-30 11:00:00,1035.25,1040,1033.5,1038,4
2022-03-30 12:00:00,1037.25,1041.75,1032.5,1033.5,-4.5
2022-03-30 13:00:00,1033,1033.75,1025.75,1030.25,-3.25
2022-03-30 19:00:00,1030.25,1039.5,1020.75,1025.25,-5
2022-03-30 20:00:00,1025,1030.25,1025,1030.25,5
2022-03-30 21:00:00,1030.75,1032.25,1028,1029,-1.25
2022-03-30 22:00:00,1029,1034,1029,1030.75,1.75
2022-03-30 23:00:00,1031.5,1032.75,1027.75,1029.5,-1.25
2022-03-31 00:00:00,1029.5,1035.5,1028,1033.5,4
2022-03-31 01:00:00,1033.25,1039,1032.5,1032.5,-1
2022-03-31 02:00:00,1032.75,1032.75,1024.5,1026,-6.5
2022-03-31 03:00:00,1026,1032.75,1024,1032.75,6.75
2022-03-31 04:00:00,1031,1033,1027.25,1030.5,-2.25
2022-03-31 05:00:00,1030.5,1031.75,1024.5,1025.75,-4.75
2022-03-31 06:00:00,1026.5,1032.25,1025.5,1030.75,5
2022-03-31 07:00:00,1030,1038.75,1030,1034.5,3.75
2022-03-31 08:00:00,1034,1060.25,1032.75,1048.75,14.25
2022-03-31 09:00:00,1048.5,1049,1014.5,1026,-22.75
2022-03-31 10:00:00,1025.75,1041,1025.25,1034,8
2022-03-31 11:00:00,1037.5,1075,1019,1035,1
2022-03-31 12:00:00,1035.25,1035.25,1018.5,1025.75,-9.25
2022-03-31 13:00:00,1025.25,1025.25,1003.5,1008,-17.75
2022-03-31 19:00:00,1007.25,1019.75,995,1015.5,7.5
2022-03-31 20:00:00,1016,1018.5,1008.25,1012,-3.5
2022-03-31 21:00:00,1011.5,1015.75,1011.25,1012.5,0.5
2022-03-31 22:00:00,1012.75,1013.75,1009.5,1010,-2.5
2022-03-31 23:00:00,1009,1009,1000.25,1002.75,-7.25
2022-04-01 00:00:00,1002.75,1006.75,1000.5,1005,2.25
2022-04-01 01:00:00,1005.5,1011.5,1003.75,1011,6
2022-04-01 02:00:00,1009.25,1009.25,1000.75,1004.5,-6.5
2022-04-01 03:00:00,1004.5,1021,1004,1020.75,16.25
2022-04-01 04:00:00,1021.5,1025,1017.5,1021.25,0.5
2022-04-01 05:00:00,1021.75,1032.25,1021.75,1029.75,8.5
2022-04-01 06:00:00,1030,1032.75,1020.75,1023,-6.75
2022-04-01 07:00:00,1023.5,1029.25,1022,1028,5
2022-04-01 08:00:00,1023.75,1032,1008,1008.25,-19.75
2022-04-01 09:00:00,1008.25,1009.75,995,999,-9.25
2022-04-01 10:00:00,999.5,1016.25,997,1005,6
2022-04-01 11:00:00,1005.25,1005.5,993.75,998.25,-6.75
2022-04-01 12:00:00,997.75,998.25,988.25,990,-8.25
2022-04-01 13:00:00,989.25,991.75,982.5,983.25,-6.75
2022-04-03 19:00:00,989.5,996.75,984.75,995.75,12.5
2022-04-03 20:00:00,995.5,996.25,992.5,994,-1.75
2022-04-03 21:00:00,994,998.25,994,997.25,3.25
2022-04-03 22:00:00,997.25,1002.5,996.75,999.25,2
2022-04-03 23:00:00,999.25,1000,996.75,998,-1.25
2022-04-04 00:00:00,998,1004.75,996.75,1004.5,6.5
2022-04-04 01:00:00,1004.75,1008,999.5,1006.75,2.25
2022-04-04 02:00:00,1005.75,1011.5,1002,1003.25,-3.5
2022-04-04 03:00:00,1004.5,1008.25,1004.5,1007.75,4.5
2022-04-04 04:00:00,1007,1007,991.75,992.5,-15.25
2022-04-04 05:00:00,992.25,995,988.25,994,1.5
2022-04-04 06:00:00,993.75,1002,991.75,999.75,5.75
2022-04-04 07:00:00,1000,1006.5,999.5,1005,5.25
2022-04-04 08:00:00,1005.25,1014.5,998.75,1000.5,-4.5
2022-04-04 09:00:00,1000.75,1007,997.5,1004.25,3.75
2022-04-04 10:00:00,1004.25,1011.25,1000.75,1008.75,4.5
2022-04-04 11:00:00,1008.5,1009.25,1004.25,1007.75,-1
2022-04-04 12:00:00,1007.75,1014.5,1005.75,1012.5,4.75
2022-04-04 13:00:00,1012.75,1014,1008,1011.75,-0.75
2022-04-04 19:00:00,1020.5,1034.75,1020,1032.75,21
2022-04-04 20:00:00,1032.75,1036.25,1031.25,1033.75,1
2022-04-04 21:00:00,1034.5,1036.5,1033.5,1034.5,0.75
2022-04-04 22:00:00,1033.75,1039.5,1033.75,1039.5,5
2022-04-04 23:00:00,1039.5,1043.25,1037.25,1041,1.5
2022-04-05 00:00:00,1041.5,1045,1036,1036.5,-4.5
2022-04-05 01:00:00,1036.25,1038.75,1033.5,1037,0.5
2022-04-05 02:00:00,1037.5,1041.25,1035.5,1039.5,2.5
2022-04-05 03:00:00,1039,1040,1029.25,1032.25,-7.25
2022-04-05 04:00:00,1032.5,1043,1032.5,1042.75,10.5
2022-04-05 05:00:00,1043,1061.75,1042.25,1061,18.25
2022-04-05 06:00:00,1061,1061.5,1047.75,1052.75,-8.25
2022-04-05 07:00:00,1052,1055.5,1047.75,1055.25,2.5
2022-04-05 08:00:00,1057.25,1074,1051.25,1056.25,1
2022-04-05 09:00:00,1055.75,1056,1033.25,1038.25,-18
2022-04-05 10:00:00,1037.75,1049.5,1034,1043.75,5.5
2022-04-05 11:00:00,1043.75,1051.5,1038.5,1045.5,1.75
2022-04-05 12:00:00,1044.5,1045.75,1041.5,1044.25,-1.25
2022-04-05 13:00:00,1044.25,1050,1041.5,1049.5,5.25
2022-04-05 19:00:00,1049.5,1056.25,1043.5,1045.5,-4
2022-04-05 20:00:00,1044.25,1049,1044.25,1047,1.5
2022-04-05 21:00:00,1047,1050.25,1046,1048.5,1.5
2022-04-05 22:00:00,1048.5,1053.25,1047,1052,3.5
2022-04-05 23:00:00,1052,1052,1046.5,1047.25,-4.75
2022-04-06 00:00:00,1046.75,1046.75,1033.75,1033.75,-13.5
2022-04-06 01:00:00,1033,1034.75,1023.5,1030.25,-3.5
2022-04-06 02:00:00,1030.5,1034.75,1025,1034.25,4
2022-04-06 03:00:00,1034,1040,1030,1038.75,4.5
2022-04-06 04:00:00,1038.25,1040.25,1033.25,1034.5,-4.25
2022-04-06 05:00:00,1034,1034.25,1030,1034,-0.5
2022-04-06 06:00:00,1032.75,1036.75,1024.5,1028.25,-5.75
2022-04-06 07:00:00,1027.5,1038,1026.25,1038,9.75
2022-04-06 08:00:00,1037.75,1051.75,1029.5,1051.75,13.75
2022-04-06 09:00:00,1051.25,1055.5,1036.5,1040,-11.75
2022-04-06 10:00:00,1039.5,1042.25,1031.75,1038,-2
2022-04-06 11:00:00,1037.25,1049.5,1035.75,1048,10
2022-04-06 12:00:00,1047.5,1049.25,1034,1035.75,-12.25
2022-04-06 13:00:00,1035.75,1040,1034.25,1040,4.25
2022-04-06 19:00:00,1040.25,1041.75,1034.25,1035.25,-4.75
2022-04-06 20:00:00,1034.75,1042.25,1034.75,1041.5,6.25
2022-04-06 21:00:00,1041.5,1042.25,1039.5,1041,-0.5
2022-04-06 22:00:00,1040.75,1042.5,1039.5,1040,-1
2022-04-06 23:00:00,1040.75,1042,1039.25,1040.75,0.75
2022-04-07 00:00:00,1041.25,1041.5,1038.5,1040.25,-0.5
2022-04-07 01:00:00,1040.25,1044.5,1039.25,1041.5,1.25
2022-04-07 02:00:00,1041,1042.5,1030.75,1033.5,-8
2022-04-07 03:00:00,1033,1034.5,1028,1034,0.5
2022-04-07 04:00:00,1032.75,1040,1031.5,1034.75,0.75
2022-04-07 05:00:00,1034.5,1037.25,1032.75,1035,0.25
2022-04-07 06:00:00,1035.5,1035.5,1034.5,1035,0
Downloaded from Barchart.com as of 04-07-2022 06:13am CDT